"","BAIRRO","NM_VOTAVEL","votos_bairro","votos_cand","freq_cand"
"1","ABERTA DOS MORROS","FERNANDA MELCHIONNA E SILVA",3212,99,3.08219178082192
"2","ABERTA DOS MORROS","GUSTAVO BOHRER PAIM",3212,35,1.08966376089664
"3","ABERTA DOS MORROS","JOÃO DERLY DE OLIVEIRA NUNES JUNIOR",3212,125,3.89165628891656
"4","ABERTA DOS MORROS","JULIANA BRIZOLA",3212,240,7.4719800747198
"5","ABERTA DOS MORROS","JULIO CESAR LEIRIAS FLORES",3212,7,0.217932752179328
"6","ABERTA DOS MORROS","MANUELA PINTO VIEIRA D AVILA",3212,857,26.681195516812
"7","ABERTA DOS MORROS","MONTSERRAT ANTÔNIO DE VASCONCELLOS MARTINS",3212,6,0.186799501867995
"8","ABERTA DOS MORROS","NELSON MARCHEZAN JÚNIOR",3212,620,19.3026151930262
"9","ABERTA DOS MORROS","RODRIGO MARINI MARONI",3212,10,0.311332503113325
"10","ABERTA DOS MORROS","SEBASTIÃO DE ARAÚJO MELO",3212,1130,35.1805728518057
"11","ABERTA DOS MORROS","VALTER LUIS DA COSTA NAGELSTEIN",3212,83,2.5840597758406
"12","AGRONOMIA","FERNANDA MELCHIONNA E SILVA",5303,232,4.37488214218367
"13","AGRONOMIA","GUSTAVO BOHRER PAIM",5303,47,0.88629077880445
"14","AGRONOMIA","JOÃO DERLY DE OLIVEIRA NUNES JUNIOR",5303,174,3.28116160663775
"15","AGRONOMIA","JULIANA BRIZOLA",5303,339,6.39260795775976
"16","AGRONOMIA","JULIO CESAR LEIRIAS FLORES",5303,8,0.150858004902885
"17","AGRONOMIA","LUIZ DELVAIR MARTINS BARROS",5303,1,0.0188572506128606
"18","AGRONOMIA","MANUELA PINTO VIEIRA D AVILA",5303,1730,32.6230435602489
"19","AGRONOMIA","MONTSERRAT ANTÔNIO DE VASCONCELLOS MARTINS",5303,9,0.169715255515746
"20","AGRONOMIA","NELSON MARCHEZAN JÚNIOR",5303,1295,24.4201395436545
"21","AGRONOMIA","RODRIGO MARINI MARONI",5303,38,0.716575523288705
"22","AGRONOMIA","SEBASTIÃO DE ARAÚJO MELO",5303,1315,24.7972845559117
"23","AGRONOMIA","VALTER LUIS DA COSTA NAGELSTEIN",5303,115,2.16858382047897
"24","ANCHIETA","FERNANDA MELCHIONNA E SILVA",436,12,2.75229357798165
"25","ANCHIETA","GUSTAVO BOHRER PAIM",436,6,1.37614678899083
"26","ANCHIETA","JOÃO DERLY DE OLIVEIRA NUNES JUNIOR",436,16,3.6697247706422
"27","ANCHIETA","JULIANA BRIZOLA",436,19,4.35779816513761
"28","ANCHIETA","JULIO CESAR LEIRIAS FLORES",436,1,0.229357798165138
"29","ANCHIETA","MANUELA PINTO VIEIRA D AVILA",436,127,29.1284403669725
"30","ANCHIETA","MONTSERRAT ANTÔNIO DE VASCONCELLOS MARTINS",436,1,0.229357798165138
"31","ANCHIETA","NELSON MARCHEZAN JÚNIOR",436,132,30.2752293577982
"32","ANCHIETA","RODRIGO MARINI MARONI",436,2,0.458715596330275
"33","ANCHIETA","SEBASTIÃO DE ARAÚJO MELO",436,105,24.0825688073394
"34","ANCHIETA","VALTER LUIS DA COSTA NAGELSTEIN",436,15,3.44036697247706
"35","ARQUIPÉLAGO","FERNANDA MELCHIONNA E SILVA",2779,74,2.66282835552357
"36","ARQUIPÉLAGO","GUSTAVO BOHRER PAIM",2779,7,0.251889168765743
"37","ARQUIPÉLAGO","JOÃO DERLY DE OLIVEIRA NUNES JUNIOR",2779,107,3.85030586541922
"38","ARQUIPÉLAGO","JULIANA BRIZOLA",2779,143,5.14573587621447
"39","ARQUIPÉLAGO","JULIO CESAR LEIRIAS FLORES",2779,3,0.107952500899604
"40","ARQUIPÉLAGO","LUIZ DELVAIR MARTINS BARROS",2779,1,0.0359841669665347
"41","ARQUIPÉLAGO","MANUELA PINTO VIEIRA D AVILA",2779,723,26.0165527168046
"42","ARQUIPÉLAGO","NELSON MARCHEZAN JÚNIOR",2779,716,25.7646635480389
"43","ARQUIPÉLAGO","RODRIGO MARINI MARONI",2779,14,0.503778337531486
"44","ARQUIPÉLAGO","SEBASTIÃO DE ARAÚJO MELO",2779,944,33.9690536164088
"45","ARQUIPÉLAGO","VALTER LUIS DA COSTA NAGELSTEIN",2779,47,1.69125584742713
"46","AUXILIADORA","FERNANDA MELCHIONNA E SILVA",5042,176,3.49067830226101
"47","AUXILIADORA","GUSTAVO BOHRER PAIM",5042,60,1.19000396667989
"48","AUXILIADORA","JOÃO DERLY DE OLIVEIRA NUNES JUNIOR",5042,65,1.28917096390321
"49","AUXILIADORA","JULIANA BRIZOLA",5042,211,4.18484728282428
"50","AUXILIADORA","JULIO CESAR LEIRIAS FLORES",5042,3,0.0595001983339944
"51","AUXILIADORA","MANUELA PINTO VIEIRA D AVILA",5042,1118,22.1737405791353
"52","AUXILIADORA","MONTSERRAT ANTÔNIO DE VASCONCELLOS MARTINS",5042,13,0.257834192780643
"53","AUXILIADORA","NELSON MARCHEZAN JÚNIOR",5042,1260,24.9900833002777
"54","AUXILIADORA","RODRIGO MARINI MARONI",5042,18,0.357001190003967
"55","AUXILIADORA","SEBASTIÃO DE ARAÚJO MELO",5042,1851,36.7116223720746
"56","AUXILIADORA","VALTER LUIS DA COSTA NAGELSTEIN",5042,267,5.29551765172551
"57","AZENHA","FERNANDA MELCHIONNA E SILVA",8523,484,5.67875161328171
"58","AZENHA","GUSTAVO BOHRER PAIM",8523,130,1.52528452422856
"59","AZENHA","JOÃO DERLY DE OLIVEIRA NUNES JUNIOR",8523,156,1.83034142907427
"60","AZENHA","JULIANA BRIZOLA",8523,480,5.63181978176698
"61","AZENHA","JULIO CESAR LEIRIAS FLORES",8523,8,0.0938636630294497
"62","AZENHA","LUIZ DELVAIR MARTINS BARROS",8523,3,0.0351988736360436
"63","AZENHA","MANUELA PINTO VIEIRA D AVILA",8523,2786,32.6880206500059
"64","AZENHA","MONTSERRAT ANTÔNIO DE VASCONCELLOS MARTINS",8523,22,0.258125073330987
"65","AZENHA","NELSON MARCHEZAN JÚNIOR",8523,1708,20.0398920567875
"66","AZENHA","RODRIGO MARINI MARONI",8523,40,0.469318315147249
"67","AZENHA","SEBASTIÃO DE ARAÚJO MELO",8523,2452,28.7692127185263
"68","AZENHA","VALTER LUIS DA COSTA NAGELSTEIN",8523,254,2.98017130118503
"69","BELA VISTA","FERNANDA MELCHIONNA E SILVA",1230,24,1.95121951219512
"70","BELA VISTA","GUSTAVO BOHRER PAIM",1230,22,1.78861788617886
"71","BELA VISTA","JOÃO DERLY DE OLIVEIRA NUNES JUNIOR",1230,10,0.813008130081301
"72","BELA VISTA","JULIANA BRIZOLA",1230,52,4.22764227642276
"73","BELA VISTA","MANUELA PINTO VIEIRA D AVILA",1230,229,18.6178861788618
"74","BELA VISTA","MONTSERRAT ANTÔNIO DE VASCONCELLOS MARTINS",1230,5,0.40650406504065
"75","BELA VISTA","NELSON MARCHEZAN JÚNIOR",1230,304,24.7154471544715
"76","BELA VISTA","RODRIGO MARINI MARONI",1230,2,0.16260162601626
"77","BELA VISTA","SEBASTIÃO DE ARAÚJO MELO",1230,522,42.4390243902439
"78","BELA VISTA","VALTER LUIS DA COSTA NAGELSTEIN",1230,60,4.8780487804878
"79","BELÉM NOVO","FERNANDA MELCHIONNA E SILVA",6395,196,3.06489444878812
"80","BELÉM NOVO","GUSTAVO BOHRER PAIM",6395,50,0.781860828772479
"81","BELÉM NOVO","JOÃO DERLY DE OLIVEIRA NUNES JUNIOR",6395,391,6.11415168100078
"82","BELÉM NOVO","JULIANA BRIZOLA",6395,410,6.41125879593432
"83","BELÉM NOVO","JULIO CESAR LEIRIAS FLORES",6395,2,0.0312744331508991
"84","BELÉM NOVO","LUIZ DELVAIR MARTINS BARROS",6395,4,0.0625488663017983
"85","BELÉM NOVO","MANUELA PINTO VIEIRA D AVILA",6395,1612,25.2071931196247
"86","BELÉM NOVO","MONTSERRAT ANTÔNIO DE VASCONCELLOS MARTINS",6395,6,0.0938232994526974
"87","BELÉM NOVO","NELSON MARCHEZAN JÚNIOR",6395,1408,22.017200938233
"88","BELÉM NOVO","RODRIGO MARINI MARONI",6395,39,0.609851446442533
"89","BELÉM NOVO","SEBASTIÃO DE ARAÚJO MELO",6395,2132,33.3385457388585
"90","BELÉM NOVO","VALTER LUIS DA COSTA NAGELSTEIN",6395,145,2.26739640344019
"91","BELÉM VELHO","FERNANDA MELCHIONNA E SILVA",4683,248,5.29575058723041
"92","BELÉM VELHO","GUSTAVO BOHRER PAIM",4683,63,1.34529147982063
"93","BELÉM VELHO","JOÃO DERLY DE OLIVEIRA NUNES JUNIOR",4683,162,3.45932094811019
"94","BELÉM VELHO","JULIANA BRIZOLA",4683,264,5.63741191543882
"95","BELÉM VELHO","JULIO CESAR LEIRIAS FLORES",4683,4,0.0854153320521033
"96","BELÉM VELHO","LUIZ DELVAIR MARTINS BARROS",4683,1,0.0213538330130258
"97","BELÉM VELHO","MANUELA PINTO VIEIRA D AVILA",4683,1296,27.6745675848815
"98","BELÉM VELHO","MONTSERRAT ANTÔNIO DE VASCONCELLOS MARTINS",4683,4,0.0854153320521033
"99","BELÉM VELHO","NELSON MARCHEZAN JÚNIOR",4683,1001,21.3751868460389
"100","BELÉM VELHO","RODRIGO MARINI MARONI",4683,29,0.619261157377749
"101","BELÉM VELHO","SEBASTIÃO DE ARAÚJO MELO",4683,1494,31.9026265214606
"102","BELÉM VELHO","VALTER LUIS DA COSTA NAGELSTEIN",4683,117,2.49839846252402
"103","BOA VISTA","FERNANDA MELCHIONNA E SILVA",1757,66,3.75640295959021
"104","BOA VISTA","GUSTAVO BOHRER PAIM",1757,21,1.19521912350598
"105","BOA VISTA","JOÃO DERLY DE OLIVEIRA NUNES JUNIOR",1757,24,1.36596471257826
"106","BOA VISTA","JULIANA BRIZOLA",1757,98,5.57768924302789
"107","BOA VISTA","JULIO CESAR LEIRIAS FLORES",1757,2,0.113830392714855
"108","BOA VISTA","MANUELA PINTO VIEIRA D AVILA",1757,381,21.6846898121799
"109","BOA VISTA","MONTSERRAT ANTÔNIO DE VASCONCELLOS MARTINS",1757,3,0.170745589072282
"110","BOA VISTA","NELSON MARCHEZAN JÚNIOR",1757,427,24.3027888446215
"111","BOA VISTA","RODRIGO MARINI MARONI",1757,4,0.22766078542971
"112","BOA VISTA","SEBASTIÃO DE ARAÚJO MELO",1757,635,36.1411496869664
"113","BOA VISTA","VALTER LUIS DA COSTA NAGELSTEIN",1757,96,5.46385885031303
"114","BOA VISTA DO SUL","FERNANDA MELCHIONNA E SILVA",542,19,3.50553505535055
"115","BOA VISTA DO SUL","GUSTAVO BOHRER PAIM",542,9,1.66051660516605
"116","BOA VISTA DO SUL","JOÃO DERLY DE OLIVEIRA NUNES JUNIOR",542,16,2.9520295202952
"117","BOA VISTA DO SUL","JULIANA BRIZOLA",542,34,6.27306273062731
"118","BOA VISTA DO SUL","MANUELA PINTO VIEIRA D AVILA",542,113,20.8487084870849
"119","BOA VISTA DO SUL","NELSON MARCHEZAN JÚNIOR",542,157,28.9667896678967
"120","BOA VISTA DO SUL","SEBASTIÃO DE ARAÚJO MELO",542,186,34.3173431734317
"121","BOA VISTA DO SUL","VALTER LUIS DA COSTA NAGELSTEIN",542,8,1.4760147601476
"122","BOM FIM","FERNANDA MELCHIONNA E SILVA",4790,296,6.17954070981211
"123","BOM FIM","GUSTAVO BOHRER PAIM",4790,50,1.04384133611691
"124","BOM FIM","JOÃO DERLY DE OLIVEIRA NUNES JUNIOR",4790,41,0.855949895615866
"125","BOM FIM","JULIANA BRIZOLA",4790,221,4.61377870563674
"126","BOM FIM","JULIO CESAR LEIRIAS FLORES",4790,4,0.0835073068893528
"127","BOM FIM","LUIZ DELVAIR MARTINS BARROS",4790,1,0.0208768267223382
"128","BOM FIM","MANUELA PINTO VIEIRA D AVILA",4790,1844,38.4968684759916
"129","BOM FIM","MONTSERRAT ANTÔNIO DE VASCONCELLOS MARTINS",4790,12,0.250521920668058
"130","BOM FIM","NELSON MARCHEZAN JÚNIOR",4790,860,17.9540709812109
"131","BOM FIM","RODRIGO MARINI MARONI",4790,16,0.334029227557411
"132","BOM FIM","SEBASTIÃO DE ARAÚJO MELO",4790,1230,25.678496868476
"133","BOM FIM","VALTER LUIS DA COSTA NAGELSTEIN",4790,215,4.48851774530271
"134","BOM JESUS","FERNANDA MELCHIONNA E SILVA",7438,278,3.73756386125303
"135","BOM JESUS","GUSTAVO BOHRER PAIM",7438,100,1.3444474321054
"136","BOM JESUS","JOÃO DERLY DE OLIVEIRA NUNES JUNIOR",7438,342,4.59801021780048
"137","BOM JESUS","JULIANA BRIZOLA",7438,646,8.68513041140091
"138","BOM JESUS","JULIO CESAR LEIRIAS FLORES",7438,21,0.282333960742135
"139","BOM JESUS","MANUELA PINTO VIEIRA D AVILA",7438,2685,36.0984135520301
"140","BOM JESUS","MONTSERRAT ANTÔNIO DE VASCONCELLOS MARTINS",7438,9,0.121000268889486
"141","BOM JESUS","NELSON MARCHEZAN JÚNIOR",7438,1242,16.6980371067491
"142","BOM JESUS","RODRIGO MARINI MARONI",7438,45,0.605001344447432
"143","BOM JESUS","SEBASTIÃO DE ARAÚJO MELO",7438,1908,25.6520570045711
"144","BOM JESUS","VALTER LUIS DA COSTA NAGELSTEIN",7438,162,2.17800484001076
"145","CAMAQUÃ","FERNANDA MELCHIONNA E SILVA",5522,209,3.78486055776892
"146","CAMAQUÃ","GUSTAVO BOHRER PAIM",5522,75,1.35820354943861
"147","CAMAQUÃ","JOÃO DERLY DE OLIVEIRA NUNES JUNIOR",5522,125,2.26367258239768
"148","CAMAQUÃ","JULIANA BRIZOLA",5522,391,7.08076783773995
"149","CAMAQUÃ","JULIO CESAR LEIRIAS FLORES",5522,7,0.12676566461427
"150","CAMAQUÃ","LUIZ DELVAIR MARTINS BARROS",5522,1,0.0181093806591815
"151","CAMAQUÃ","MANUELA PINTO VIEIRA D AVILA",5522,1647,29.8261499456719
"152","CAMAQUÃ","MONTSERRAT ANTÔNIO DE VASCONCELLOS MARTINS",5522,15,0.271640709887722
"153","CAMAQUÃ","NELSON MARCHEZAN JÚNIOR",5522,1131,20.4817095255342
"154","CAMAQUÃ","RODRIGO MARINI MARONI",5522,42,0.760593987685621
"155","CAMAQUÃ","SEBASTIÃO DE ARAÚJO MELO",5522,1758,31.836291198841
"156","CAMAQUÃ","VALTER LUIS DA COSTA NAGELSTEIN",5522,121,2.19123505976096
"157","CAMPO NOVO","FERNANDA MELCHIONNA E SILVA",2121,66,3.11173974540311
"158","CAMPO NOVO","GUSTAVO BOHRER PAIM",2121,37,1.74446016030174
"159","CAMPO NOVO","JOÃO DERLY DE OLIVEIRA NUNES JUNIOR",2121,84,3.96039603960396
"160","CAMPO NOVO","JULIANA BRIZOLA",2121,143,6.74210278170674
"161","CAMPO NOVO","JULIO CESAR LEIRIAS FLORES",2121,2,0.0942951438000943
"162","CAMPO NOVO","MANUELA PINTO VIEIRA D AVILA",2121,601,28.3356907119283
"163","CAMPO NOVO","MONTSERRAT ANTÔNIO DE VASCONCELLOS MARTINS",2121,3,0.141442715700141
"164","CAMPO NOVO","NELSON MARCHEZAN JÚNIOR",2121,375,17.6803394625177
"165","CAMPO NOVO","RODRIGO MARINI MARONI",2121,10,0.471475719000471
"166","CAMPO NOVO","SEBASTIÃO DE ARAÚJO MELO",2121,753,35.5021216407355
"167","CAMPO NOVO","VALTER LUIS DA COSTA NAGELSTEIN",2121,47,2.21593587930222
"168","CASCATA","FERNANDA MELCHIONNA E SILVA",1458,51,3.49794238683128
"169","CASCATA","GUSTAVO BOHRER PAIM",1458,13,0.891632373113855
"170","CASCATA","JOÃO DERLY DE OLIVEIRA NUNES JUNIOR",1458,72,4.93827160493827
"171","CASCATA","JULIANA BRIZOLA",1458,113,7.75034293552812
"172","CASCATA","JULIO CESAR LEIRIAS FLORES",1458,4,0.274348422496571
"173","CASCATA","MANUELA PINTO VIEIRA D AVILA",1458,513,35.1851851851852
"174","CASCATA","MONTSERRAT ANTÔNIO DE VASCONCELLOS MARTINS",1458,2,0.137174211248285
"175","CASCATA","NELSON MARCHEZAN JÚNIOR",1458,339,23.2510288065844
"176","CASCATA","RODRIGO MARINI MARONI",1458,8,0.548696844993141
"177","CASCATA","SEBASTIÃO DE ARAÚJO MELO",1458,325,22.2908093278464
"178","CASCATA","VALTER LUIS DA COSTA NAGELSTEIN",1458,18,1.23456790123457
"179","CAVALHADA","FERNANDA MELCHIONNA E SILVA",15897,726,4.56689941498396
"180","CAVALHADA","GUSTAVO BOHRER PAIM",15897,199,1.25180851733031
"181","CAVALHADA","JOÃO DERLY DE OLIVEIRA NUNES JUNIOR",15897,477,3.00056614455558
"182","CAVALHADA","JULIANA BRIZOLA",15897,1156,7.27181229162735
"183","CAVALHADA","JULIO CESAR LEIRIAS FLORES",15897,40,0.251619802478455
"184","CAVALHADA","LUIZ DELVAIR MARTINS BARROS",15897,4,0.0251619802478455
"185","CAVALHADA","MANUELA PINTO VIEIRA D AVILA",15897,4687,29.483550355413
"186","CAVALHADA","MONTSERRAT ANTÔNIO DE VASCONCELLOS MARTINS",15897,18,0.113228911115305
"187","CAVALHADA","NELSON MARCHEZAN JÚNIOR",15897,3086,19.4124677612128
"188","CAVALHADA","RODRIGO MARINI MARONI",15897,77,0.484368119771026
"189","CAVALHADA","SEBASTIÃO DE ARAÚJO MELO",15897,5033,31.6600616468516
"190","CAVALHADA","VALTER LUIS DA COSTA NAGELSTEIN",15897,394,2.47845505441278
"191","CENTRO HISTÓRICO","FERNANDA MELCHIONNA E SILVA",23954,1415,5.9071553811472
"192","CENTRO HISTÓRICO","GUSTAVO BOHRER PAIM",23954,303,1.26492443850714
"193","CENTRO HISTÓRICO","JOÃO DERLY DE OLIVEIRA NUNES JUNIOR",23954,473,1.97461801786758
"194","CENTRO HISTÓRICO","JULIANA BRIZOLA",23954,1334,5.56900726392252
"195","CENTRO HISTÓRICO","JULIO CESAR LEIRIAS FLORES",23954,41,0.171161392669283
"196","CENTRO HISTÓRICO","LUIZ DELVAIR MARTINS BARROS",23954,11,0.0459213492527344
"197","CENTRO HISTÓRICO","MANUELA PINTO VIEIRA D AVILA",23954,8235,34.3783919178425
"198","CENTRO HISTÓRICO","MONTSERRAT ANTÔNIO DE VASCONCELLOS MARTINS",23954,71,0.296401436085831
"199","CENTRO HISTÓRICO","NELSON MARCHEZAN JÚNIOR",23954,4530,18.9112465558988
"200","CENTRO HISTÓRICO","RODRIGO MARINI MARONI",23954,90,0.375720130249645
"201","CENTRO HISTÓRICO","SEBASTIÃO DE ARAÚJO MELO",23954,6721,28.0579443934207
"202","CENTRO HISTÓRICO","VALTER LUIS DA COSTA NAGELSTEIN",23954,730,3.04750772313601
"203","CHÁCARA DAS PEDRAS","FERNANDA MELCHIONNA E SILVA",4506,189,4.19440745672437
"204","CHÁCARA DAS PEDRAS","GUSTAVO BOHRER PAIM",4506,64,1.42032845095428
"205","CHÁCARA DAS PEDRAS","JOÃO DERLY DE OLIVEIRA NUNES JUNIOR",4506,102,2.26364846870839
"206","CHÁCARA DAS PEDRAS","JULIANA BRIZOLA",4506,256,5.68131380381713
"207","CHÁCARA DAS PEDRAS","MANUELA PINTO VIEIRA D AVILA",4506,1069,23.7239236573458
"208","CHÁCARA DAS PEDRAS","MONTSERRAT ANTÔNIO DE VASCONCELLOS MARTINS",4506,13,0.288504216600089
"209","CHÁCARA DAS PEDRAS","NELSON MARCHEZAN JÚNIOR",4506,1069,23.7239236573458
"210","CHÁCARA DAS PEDRAS","RODRIGO MARINI MARONI",4506,24,0.532623169107856
"211","CHÁCARA DAS PEDRAS","SEBASTIÃO DE ARAÚJO MELO",4506,1517,33.6662228140257
"212","CHÁCARA DAS PEDRAS","VALTER LUIS DA COSTA NAGELSTEIN",4506,203,4.50510430537062
"213","CHAPÉU DO SOL","FERNANDA MELCHIONNA E SILVA",1454,43,2.95735900962861
"214","CHAPÉU DO SOL","GUSTAVO BOHRER PAIM",1454,12,0.825309491059147
"215","CHAPÉU DO SOL","JOÃO DERLY DE OLIVEIRA NUNES JUNIOR",1454,75,5.15818431911967
"216","CHAPÉU DO SOL","JULIANA BRIZOLA",1454,101,6.94635488308116
"217","CHAPÉU DO SOL","JULIO CESAR LEIRIAS FLORES",1454,5,0.343878954607978
"218","CHAPÉU DO SOL","LUIZ DELVAIR MARTINS BARROS",1454,1,0.0687757909215956
"219","CHAPÉU DO SOL","MANUELA PINTO VIEIRA D AVILA",1454,457,31.4305364511692
"220","CHAPÉU DO SOL","MONTSERRAT ANTÔNIO DE VASCONCELLOS MARTINS",1454,1,0.0687757909215956
"221","CHAPÉU DO SOL","NELSON MARCHEZAN JÚNIOR",1454,290,19.9449793672627
"222","CHAPÉU DO SOL","RODRIGO MARINI MARONI",1454,8,0.550206327372765
"223","CHAPÉU DO SOL","SEBASTIÃO DE ARAÚJO MELO",1454,434,29.8486932599725
"224","CHAPÉU DO SOL","VALTER LUIS DA COSTA NAGELSTEIN",1454,27,1.85694635488308
"225","CIDADE BAIXA","FERNANDA MELCHIONNA E SILVA",8372,583,6.96368848542762
"226","CIDADE BAIXA","GUSTAVO BOHRER PAIM",8372,83,0.991399904443383
"227","CIDADE BAIXA","JOÃO DERLY DE OLIVEIRA NUNES JUNIOR",8372,122,1.45723841376015
"228","CIDADE BAIXA","JULIANA BRIZOLA",8372,492,5.87673196368849
"229","CIDADE BAIXA","JULIO CESAR LEIRIAS FLORES",8372,13,0.15527950310559
"230","CIDADE BAIXA","LUIZ DELVAIR MARTINS BARROS",8372,6,0.0716674629718108
"231","CIDADE BAIXA","MANUELA PINTO VIEIRA D AVILA",8372,3304,39.4648829431438
"232","CIDADE BAIXA","MONTSERRAT ANTÔNIO DE VASCONCELLOS MARTINS",8372,25,0.298614429049212
"233","CIDADE BAIXA","NELSON MARCHEZAN JÚNIOR",8372,1414,16.8896321070234
"234","CIDADE BAIXA","RODRIGO MARINI MARONI",8372,28,0.334448160535117
"235","CIDADE BAIXA","SEBASTIÃO DE ARAÚJO MELO",8372,2088,24.9402771141902
"236","CIDADE BAIXA","VALTER LUIS DA COSTA NAGELSTEIN",8372,214,2.55613951266125
"237","CORONEL APARÍCIO BORGES","FERNANDA MELCHIONNA E SILVA",2741,116,4.23203210507114
"238","CORONEL APARÍCIO BORGES","GUSTAVO BOHRER PAIM",2741,32,1.16745713243342
"239","CORONEL APARÍCIO BORGES","JOÃO DERLY DE OLIVEIRA NUNES JUNIOR",2741,139,5.07114191900766
"240","CORONEL APARÍCIO BORGES","JULIANA BRIZOLA",2741,200,7.29660707770886
"241","CORONEL APARÍCIO BORGES","JULIO CESAR LEIRIAS FLORES",2741,2,0.0729660707770887
"242","CORONEL APARÍCIO BORGES","MANUELA PINTO VIEIRA D AVILA",2741,965,35.2061291499453
"243","CORONEL APARÍCIO BORGES","MONTSERRAT ANTÔNIO DE VASCONCELLOS MARTINS",2741,4,0.145932141554177
"244","CORONEL APARÍCIO BORGES","NELSON MARCHEZAN JÚNIOR",2741,428,15.614739146297
"245","CORONEL APARÍCIO BORGES","RODRIGO MARINI MARONI",2741,17,0.620211601605254
"246","CORONEL APARÍCIO BORGES","SEBASTIÃO DE ARAÚJO MELO",2741,763,27.8365560014593
"247","CORONEL APARÍCIO BORGES","VALTER LUIS DA COSTA NAGELSTEIN",2741,75,2.73622765414082
"248","COSTA E SILVA","FERNANDA MELCHIONNA E SILVA",1933,76,3.93171236420072
"249","COSTA E SILVA","GUSTAVO BOHRER PAIM",1933,35,1.81065700982928
"250","COSTA E SILVA","JOÃO DERLY DE OLIVEIRA NUNES JUNIOR",1933,76,3.93171236420072
"251","COSTA E SILVA","JULIANA BRIZOLA",1933,161,8.32902224521469
"252","COSTA E SILVA","JULIO CESAR LEIRIAS FLORES",1933,5,0.258665287118469
"253","COSTA E SILVA","MANUELA PINTO VIEIRA D AVILA",1933,541,27.9875840662183
"254","COSTA E SILVA","MONTSERRAT ANTÔNIO DE VASCONCELLOS MARTINS",1933,3,0.155199172271081
"255","COSTA E SILVA","NELSON MARCHEZAN JÚNIOR",1933,412,21.3140196585618
"256","COSTA E SILVA","RODRIGO MARINI MARONI",1933,10,0.517330574236937
"257","COSTA E SILVA","SEBASTIÃO DE ARAÚJO MELO",1933,574,29.6947749612002
"258","COSTA E SILVA","VALTER LUIS DA COSTA NAGELSTEIN",1933,40,2.06932229694775
"259","CRISTAL","FERNANDA MELCHIONNA E SILVA",13459,552,4.10134482502415
"260","CRISTAL","GUSTAVO BOHRER PAIM",13459,167,1.24080540901999
"261","CRISTAL","JOÃO DERLY DE OLIVEIRA NUNES JUNIOR",13459,427,3.17259826138643
"262","CRISTAL","JULIANA BRIZOLA",13459,899,6.67954528568244
"263","CRISTAL","JULIO CESAR LEIRIAS FLORES",13459,28,0.208039230254848
"264","CRISTAL","LUIZ DELVAIR MARTINS BARROS",13459,1,0.00742997250910172
"265","CRISTAL","MANUELA PINTO VIEIRA D AVILA",13459,3944,29.3038115758972
"266","CRISTAL","MONTSERRAT ANTÔNIO DE VASCONCELLOS MARTINS",13459,29,0.21546920276395
"267","CRISTAL","NELSON MARCHEZAN JÚNIOR",13459,2680,19.9123263243926
"268","CRISTAL","RODRIGO MARINI MARONI",13459,61,0.453228323055205
"269","CRISTAL","SEBASTIÃO DE ARAÚJO MELO",13459,4287,31.8522921465191
"270","CRISTAL","VALTER LUIS DA COSTA NAGELSTEIN",13459,384,2.85310944349506
"271","CRISTO REDENTOR","FERNANDA MELCHIONNA E SILVA",13666,589,4.30996633982145
"272","CRISTO REDENTOR","GUSTAVO BOHRER PAIM",13666,167,1.22201082979658
"273","CRISTO REDENTOR","JOÃO DERLY DE OLIVEIRA NUNES JUNIOR",13666,371,2.71476657397922
"274","CRISTO REDENTOR","JULIANA BRIZOLA",13666,770,5.63442119127762
"275","CRISTO REDENTOR","JULIO CESAR LEIRIAS FLORES",13666,17,0.12439631201522
"276","CRISTO REDENTOR","LUIZ DELVAIR MARTINS BARROS",13666,3,0.0219522903556271
"277","CRISTO REDENTOR","MANUELA PINTO VIEIRA D AVILA",13666,3269,23.920679057515
"278","CRISTO REDENTOR","MONTSERRAT ANTÔNIO DE VASCONCELLOS MARTINS",13666,25,0.182935752963559
"279","CRISTO REDENTOR","NELSON MARCHEZAN JÚNIOR",13666,3420,25.0256110054149
"280","CRISTO REDENTOR","RODRIGO MARINI MARONI",13666,70,0.512220108297966
"281","CRISTO REDENTOR","SEBASTIÃO DE ARAÚJO MELO",13666,4434,32.4454851456169
"282","CRISTO REDENTOR","VALTER LUIS DA COSTA NAGELSTEIN",13666,531,3.885555392946
"283","ESPÍRITO SANTO","FERNANDA MELCHIONNA E SILVA",1444,47,3.25484764542936
"284","ESPÍRITO SANTO","GUSTAVO BOHRER PAIM",1444,14,0.969529085872576
"285","ESPÍRITO SANTO","JOÃO DERLY DE OLIVEIRA NUNES JUNIOR",1444,23,1.59279778393352
"286","ESPÍRITO SANTO","JULIANA BRIZOLA",1444,112,7.75623268698061
"287","ESPÍRITO SANTO","JULIO CESAR LEIRIAS FLORES",1444,1,0.0692520775623269
"288","ESPÍRITO SANTO","MANUELA PINTO VIEIRA D AVILA",1444,417,28.8781163434903
"289","ESPÍRITO SANTO","MONTSERRAT ANTÔNIO DE VASCONCELLOS MARTINS",1444,1,0.0692520775623269
"290","ESPÍRITO SANTO","NELSON MARCHEZAN JÚNIOR",1444,243,16.8282548476454
"291","ESPÍRITO SANTO","RODRIGO MARINI MARONI",1444,10,0.692520775623269
"292","ESPÍRITO SANTO","SEBASTIÃO DE ARAÚJO MELO",1444,547,37.8808864265928
"293","ESPÍRITO SANTO","VALTER LUIS DA COSTA NAGELSTEIN",1444,29,2.00831024930748
"294","EXTREMA","FERNANDA MELCHIONNA E SILVA",123,1,0.813008130081301
"295","EXTREMA","JOÃO DERLY DE OLIVEIRA NUNES JUNIOR",123,3,2.4390243902439
"296","EXTREMA","JULIANA BRIZOLA",123,10,8.13008130081301
"297","EXTREMA","JULIO CESAR LEIRIAS FLORES",123,1,0.813008130081301
"298","EXTREMA","MANUELA PINTO VIEIRA D AVILA",123,28,22.7642276422764
"299","EXTREMA","NELSON MARCHEZAN JÚNIOR",123,35,28.4552845528455
"300","EXTREMA","RODRIGO MARINI MARONI",123,1,0.813008130081301
"301","EXTREMA","SEBASTIÃO DE ARAÚJO MELO",123,39,31.7073170731707
"302","EXTREMA","VALTER LUIS DA COSTA NAGELSTEIN",123,5,4.0650406504065
"303","FARRAPOS","FERNANDA MELCHIONNA E SILVA",4257,126,2.95983086680761
"304","FARRAPOS","GUSTAVO BOHRER PAIM",4257,37,0.869156683110171
"305","FARRAPOS","JOÃO DERLY DE OLIVEIRA NUNES JUNIOR",4257,174,4.08738548273432
"306","FARRAPOS","JULIANA BRIZOLA",4257,352,8.2687338501292
"307","FARRAPOS","JULIO CESAR LEIRIAS FLORES",4257,2,0.0469814423302795
"308","FARRAPOS","LUIZ DELVAIR MARTINS BARROS",4257,2,0.0469814423302795
"309","FARRAPOS","MANUELA PINTO VIEIRA D AVILA",4257,1285,30.1855766972046
"310","FARRAPOS","MONTSERRAT ANTÔNIO DE VASCONCELLOS MARTINS",4257,5,0.117453605825699
"311","FARRAPOS","NELSON MARCHEZAN JÚNIOR",4257,999,23.4672304439746
"312","FARRAPOS","RODRIGO MARINI MARONI",4257,19,0.446323702137656
"313","FARRAPOS","SEBASTIÃO DE ARAÚJO MELO",4257,1173,27.554615926709
"314","FARRAPOS","VALTER LUIS DA COSTA NAGELSTEIN",4257,83,1.9497298567066
"315","FARROUPILHA","FERNANDA MELCHIONNA E SILVA",2369,143,6.0363022372309
"316","FARROUPILHA","GUSTAVO BOHRER PAIM",2369,25,1.05529759392149
"317","FARROUPILHA","JOÃO DERLY DE OLIVEIRA NUNES JUNIOR",2369,18,0.75981426762347
"318","FARROUPILHA","JULIANA BRIZOLA",2369,97,4.09455466441536
"319","FARROUPILHA","JULIO CESAR LEIRIAS FLORES",2369,1,0.0422119037568594
"320","FARROUPILHA","LUIZ DELVAIR MARTINS BARROS",2369,2,0.0844238075137189
"321","FARROUPILHA","MANUELA PINTO VIEIRA D AVILA",2369,887,37.4419586323343
"322","FARROUPILHA","MONTSERRAT ANTÔNIO DE VASCONCELLOS MARTINS",2369,9,0.379907133811735
"323","FARROUPILHA","NELSON MARCHEZAN JÚNIOR",2369,433,18.2777543267201
"324","FARROUPILHA","RODRIGO MARINI MARONI",2369,5,0.211059518784297
"325","FARROUPILHA","SEBASTIÃO DE ARAÚJO MELO",2369,642,27.1000422119038
"326","FARROUPILHA","VALTER LUIS DA COSTA NAGELSTEIN",2369,107,4.51667370198396
"327","FLORESTA","FERNANDA MELCHIONNA E SILVA",9103,403,4.42711194111831
"328","FLORESTA","GUSTAVO BOHRER PAIM",9103,114,1.25233439525431
"329","FLORESTA","JOÃO DERLY DE OLIVEIRA NUNES JUNIOR",9103,153,1.68076458310447
"330","FLORESTA","JULIANA BRIZOLA",9103,509,5.59156322091618
"331","FLORESTA","JULIO CESAR LEIRIAS FLORES",9103,14,0.153795452048775
"332","FLORESTA","LUIZ DELVAIR MARTINS BARROS",9103,1,0.0109853894320554
"333","FLORESTA","MANUELA PINTO VIEIRA D AVILA",9103,2272,24.9588047896298
"334","FLORESTA","MONTSERRAT ANTÔNIO DE VASCONCELLOS MARTINS",9103,21,0.230693178073163
"335","FLORESTA","NELSON MARCHEZAN JÚNIOR",9103,2063,22.6628583983302
"336","FLORESTA","RODRIGO MARINI MARONI",9103,38,0.417444798418104
"337","FLORESTA","SEBASTIÃO DE ARAÚJO MELO",9103,3119,34.2634296385807
"338","FLORESTA","VALTER LUIS DA COSTA NAGELSTEIN",9103,396,4.35021421509393
"339","GLÓRIA","FERNANDA MELCHIONNA E SILVA",10200,462,4.52941176470588
"340","GLÓRIA","GUSTAVO BOHRER PAIM",10200,164,1.6078431372549
"341","GLÓRIA","JOÃO DERLY DE OLIVEIRA NUNES JUNIOR",10200,362,3.54901960784314
"342","GLÓRIA","JULIANA BRIZOLA",10200,788,7.72549019607843
"343","GLÓRIA","JULIO CESAR LEIRIAS FLORES",10200,12,0.117647058823529
"344","GLÓRIA","LUIZ DELVAIR MARTINS BARROS",10200,2,0.0196078431372549
"345","GLÓRIA","MANUELA PINTO VIEIRA D AVILA",10200,3147,30.8529411764706
"346","GLÓRIA","MONTSERRAT ANTÔNIO DE VASCONCELLOS MARTINS",10200,31,0.303921568627451
"347","GLÓRIA","NELSON MARCHEZAN JÚNIOR",10200,2071,20.3039215686275
"348","GLÓRIA","RODRIGO MARINI MARONI",10200,55,0.53921568627451
"349","GLÓRIA","SEBASTIÃO DE ARAÚJO MELO",10200,2814,27.5882352941176
"350","GLÓRIA","VALTER LUIS DA COSTA NAGELSTEIN",10200,292,2.86274509803922
"351","GUARUJÁ","FERNANDA MELCHIONNA E SILVA",3381,165,4.88021295474712
"352","GUARUJÁ","GUSTAVO BOHRER PAIM",3381,30,0.887311446317657
"353","GUARUJÁ","JOÃO DERLY DE OLIVEIRA NUNES JUNIOR",3381,73,2.15912451937297
"354","GUARUJÁ","JULIANA BRIZOLA",3381,222,6.56610470275067
"355","GUARUJÁ","JULIO CESAR LEIRIAS FLORES",3381,10,0.295770482105886
"356","GUARUJÁ","MANUELA PINTO VIEIRA D AVILA",3381,927,27.4179236912156
"357","GUARUJÁ","MONTSERRAT ANTÔNIO DE VASCONCELLOS MARTINS",3381,8,0.236616385684709
"358","GUARUJÁ","NELSON MARCHEZAN JÚNIOR",3381,628,18.5743862762496
"359","GUARUJÁ","RODRIGO MARINI MARONI",3381,22,0.650695060632949
"360","GUARUJÁ","SEBASTIÃO DE ARAÚJO MELO",3381,1214,35.9065365276545
"361","GUARUJÁ","VALTER LUIS DA COSTA NAGELSTEIN",3381,82,2.42531795326826
"362","HIGIENÓPOLIS","FERNANDA MELCHIONNA E SILVA",9373,345,3.68078523418329
"363","HIGIENÓPOLIS","GUSTAVO BOHRER PAIM",9373,134,1.42963832284221
"364","HIGIENÓPOLIS","JOÃO DERLY DE OLIVEIRA NUNES JUNIOR",9373,139,1.48298303638109
"365","HIGIENÓPOLIS","JULIANA BRIZOLA",9373,474,5.05707884348661
"366","HIGIENÓPOLIS","JULIO CESAR LEIRIAS FLORES",9373,10,0.106689427077777
"367","HIGIENÓPOLIS","LUIZ DELVAIR MARTINS BARROS",9373,2,0.0213378854155553
"368","HIGIENÓPOLIS","MANUELA PINTO VIEIRA D AVILA",9373,2057,21.9460151498986
"369","HIGIENÓPOLIS","MONTSERRAT ANTÔNIO DE VASCONCELLOS MARTINS",9373,22,0.234716739571109
"370","HIGIENÓPOLIS","NELSON MARCHEZAN JÚNIOR",9373,2480,26.4589779152886
"371","HIGIENÓPOLIS","RODRIGO MARINI MARONI",9373,22,0.234716739571109
"372","HIGIENÓPOLIS","SEBASTIÃO DE ARAÚJO MELO",9373,3224,34.3966712898752
"373","HIGIENÓPOLIS","VALTER LUIS DA COSTA NAGELSTEIN",9373,464,4.95038941640883
"374","HÍPICA","FERNANDA MELCHIONNA E SILVA",6893,350,5.07761497171043
"375","HÍPICA","GUSTAVO BOHRER PAIM",6893,90,1.30567242129697
"376","HÍPICA","JOÃO DERLY DE OLIVEIRA NUNES JUNIOR",6893,253,3.67039025097925
"377","HÍPICA","JULIANA BRIZOLA",6893,494,7.16669084578558
"378","HÍPICA","JULIO CESAR LEIRIAS FLORES",6893,14,0.203104598868417
"379","HÍPICA","MANUELA PINTO VIEIRA D AVILA",6893,2108,30.5817496010445
"380","HÍPICA","MONTSERRAT ANTÔNIO DE VASCONCELLOS MARTINS",6893,12,0.174089656172929
"381","HÍPICA","NELSON MARCHEZAN JÚNIOR",6893,1348,19.556071376759
"382","HÍPICA","RODRIGO MARINI MARONI",6893,36,0.522268968518787
"383","HÍPICA","SEBASTIÃO DE ARAÚJO MELO",6893,1980,28.7247932685333
"384","HÍPICA","VALTER LUIS DA COSTA NAGELSTEIN",6893,208,3.01755404033077
"385","HUMAITÁ","FERNANDA MELCHIONNA E SILVA",7838,247,3.15131411074254
"386","HUMAITÁ","GUSTAVO BOHRER PAIM",7838,67,0.854809900484818
"387","HUMAITÁ","JOÃO DERLY DE OLIVEIRA NUNES JUNIOR",7838,255,3.25338096453177
"388","HUMAITÁ","JULIANA BRIZOLA",7838,690,8.80326613932126
"389","HUMAITÁ","JULIO CESAR LEIRIAS FLORES",7838,14,0.178616994131156
"390","HUMAITÁ","LUIZ DELVAIR MARTINS BARROS",7838,1,0.012758356723654
"391","HUMAITÁ","MANUELA PINTO VIEIRA D AVILA",7838,2226,28.4001020668538
"392","HUMAITÁ","MONTSERRAT ANTÔNIO DE VASCONCELLOS MARTINS",7838,17,0.216892064302118
"393","HUMAITÁ","NELSON MARCHEZAN JÚNIOR",7838,1927,24.5853534064812
"394","HUMAITÁ","RODRIGO MARINI MARONI",7838,45,0.57412605256443
"395","HUMAITÁ","SEBASTIÃO DE ARAÚJO MELO",7838,2193,27.9790762949732
"396","HUMAITÁ","VALTER LUIS DA COSTA NAGELSTEIN",7838,156,1.99030364889002
"397","INDEPENDÊNCIA","FERNANDA MELCHIONNA E SILVA",4508,259,5.74534161490683
"398","INDEPENDÊNCIA","GUSTAVO BOHRER PAIM",4508,51,1.13132209405501
"399","INDEPENDÊNCIA","JOÃO DERLY DE OLIVEIRA NUNES JUNIOR",4508,58,1.2866015971606
"400","INDEPENDÊNCIA","JULIANA BRIZOLA",4508,214,4.74711623779947
"401","INDEPENDÊNCIA","JULIO CESAR LEIRIAS FLORES",4508,6,0.133096716947649
"402","INDEPENDÊNCIA","LUIZ DELVAIR MARTINS BARROS",4508,3,0.0665483584738243
"403","INDEPENDÊNCIA","MANUELA PINTO VIEIRA D AVILA",4508,1522,33.7622005323869
"404","INDEPENDÊNCIA","MONTSERRAT ANTÔNIO DE VASCONCELLOS MARTINS",4508,16,0.354924578527063
"405","INDEPENDÊNCIA","NELSON MARCHEZAN JÚNIOR",4508,899,19.9423247559894
"406","INDEPENDÊNCIA","RODRIGO MARINI MARONI",4508,17,0.377107364685004
"407","INDEPENDÊNCIA","SEBASTIÃO DE ARAÚJO MELO",4508,1315,29.170363797693
"408","INDEPENDÊNCIA","VALTER LUIS DA COSTA NAGELSTEIN",4508,148,3.28305235137533
"409","IPANEMA","FERNANDA MELCHIONNA E SILVA",9034,384,4.25060881115785
"410","IPANEMA","GUSTAVO BOHRER PAIM",9034,94,1.04051361523135
"411","IPANEMA","JOÃO DERLY DE OLIVEIRA NUNES JUNIOR",9034,227,2.51272968784592
"412","IPANEMA","JULIANA BRIZOLA",9034,572,6.33163604162054
"413","IPANEMA","JULIO CESAR LEIRIAS FLORES",9034,5,0.0553464688952845
"414","IPANEMA","LUIZ DELVAIR MARTINS BARROS",9034,1,0.0110692937790569
"415","IPANEMA","MANUELA PINTO VIEIRA D AVILA",9034,2378,26.3227806065973
"416","IPANEMA","MONTSERRAT ANTÔNIO DE VASCONCELLOS MARTINS",9034,11,0.121762231569626
"417","IPANEMA","NELSON MARCHEZAN JÚNIOR",9034,1887,20.8877573610804
"418","IPANEMA","RODRIGO MARINI MARONI",9034,45,0.49811822005756
"419","IPANEMA","SEBASTIÃO DE ARAÚJO MELO",9034,3153,34.9014832853664
"420","IPANEMA","VALTER LUIS DA COSTA NAGELSTEIN",9034,277,3.06619437679876
"421","JARDIM BOTÂNICO","FERNANDA MELCHIONNA E SILVA",7103,334,4.70223849077854
"422","JARDIM BOTÂNICO","GUSTAVO BOHRER PAIM",7103,102,1.43601295227369
"423","JARDIM BOTÂNICO","JOÃO DERLY DE OLIVEIRA NUNES JUNIOR",7103,100,1.40785583556244
"424","JARDIM BOTÂNICO","JULIANA BRIZOLA",7103,410,5.772208925806
"425","JARDIM BOTÂNICO","JULIO CESAR LEIRIAS FLORES",7103,10,0.140785583556244
"426","JARDIM BOTÂNICO","LUIZ DELVAIR MARTINS BARROS",7103,2,0.0281571167112488
"427","JARDIM BOTÂNICO","MANUELA PINTO VIEIRA D AVILA",7103,2157,30.3674503730818
"428","JARDIM BOTÂNICO","MONTSERRAT ANTÔNIO DE VASCONCELLOS MARTINS",7103,25,0.35196395889061
"429","JARDIM BOTÂNICO","NELSON MARCHEZAN JÚNIOR",7103,1587,22.3426721103759
"430","JARDIM BOTÂNICO","RODRIGO MARINI MARONI",7103,18,0.253414050401239
"431","JARDIM BOTÂNICO","SEBASTIÃO DE ARAÚJO MELO",7103,2101,29.5790511051668
"432","JARDIM BOTÂNICO","VALTER LUIS DA COSTA NAGELSTEIN",7103,257,3.61818949739547
"433","JARDIM CARVALHO","FERNANDA MELCHIONNA E SILVA",9761,442,4.528224567155
"434","JARDIM CARVALHO","GUSTAVO BOHRER PAIM",9761,118,1.20889253150292
"435","JARDIM CARVALHO","JOÃO DERLY DE OLIVEIRA NUNES JUNIOR",9761,351,3.59594303862309
"436","JARDIM CARVALHO","JULIANA BRIZOLA",9761,647,6.62841921934228
"437","JARDIM CARVALHO","JULIO CESAR LEIRIAS FLORES",9761,22,0.225386743161561
"438","JARDIM CARVALHO","LUIZ DELVAIR MARTINS BARROS",9761,1,0.0102448519618892
"439","JARDIM CARVALHO","MANUELA PINTO VIEIRA D AVILA",9761,3584,36.7175494314107
"440","JARDIM CARVALHO","MONTSERRAT ANTÔNIO DE VASCONCELLOS MARTINS",9761,8,0.0819588156951132
"441","JARDIM CARVALHO","NELSON MARCHEZAN JÚNIOR",9761,1732,17.744083597992
"442","JARDIM CARVALHO","RODRIGO MARINI MARONI",9761,60,0.614691117713349
"443","JARDIM CARVALHO","SEBASTIÃO DE ARAÚJO MELO",9761,2559,26.2165761704743
"444","JARDIM CARVALHO","VALTER LUIS DA COSTA NAGELSTEIN",9761,237,2.42802991496773
"445","JARDIM DO SALSO","FERNANDA MELCHIONNA E SILVA",3476,160,4.6029919447641
"446","JARDIM DO SALSO","GUSTAVO BOHRER PAIM",3476,36,1.03567318757192
"447","JARDIM DO SALSO","JOÃO DERLY DE OLIVEIRA NUNES JUNIOR",3476,83,2.38780207134638
"448","JARDIM DO SALSO","JULIANA BRIZOLA",3476,226,6.50172612197929
"449","JARDIM DO SALSO","JULIO CESAR LEIRIAS FLORES",3476,4,0.115074798619102
"450","JARDIM DO SALSO","MANUELA PINTO VIEIRA D AVILA",3476,1115,32.0771001150748
"451","JARDIM DO SALSO","MONTSERRAT ANTÔNIO DE VASCONCELLOS MARTINS",3476,4,0.115074798619102
"452","JARDIM DO SALSO","NELSON MARCHEZAN JÚNIOR",3476,729,20.9723820483314
"453","JARDIM DO SALSO","RODRIGO MARINI MARONI",3476,23,0.661680092059839
"454","JARDIM DO SALSO","SEBASTIÃO DE ARAÚJO MELO",3476,980,28.1933256616801
"455","JARDIM DO SALSO","VALTER LUIS DA COSTA NAGELSTEIN",3476,116,3.33716915995397
"456","JARDIM FLORESTA","FERNANDA MELCHIONNA E SILVA",705,35,4.9645390070922
"457","JARDIM FLORESTA","GUSTAVO BOHRER PAIM",705,4,0.567375886524823
"458","JARDIM FLORESTA","JOÃO DERLY DE OLIVEIRA NUNES JUNIOR",705,25,3.54609929078014
"459","JARDIM FLORESTA","JULIANA BRIZOLA",705,40,5.67375886524823
"460","JARDIM FLORESTA","JULIO CESAR LEIRIAS FLORES",705,1,0.141843971631206
"461","JARDIM FLORESTA","LUIZ DELVAIR MARTINS BARROS",705,1,0.141843971631206
"462","JARDIM FLORESTA","MANUELA PINTO VIEIRA D AVILA",705,140,19.8581560283688
"463","JARDIM FLORESTA","MONTSERRAT ANTÔNIO DE VASCONCELLOS MARTINS",705,3,0.425531914893617
"464","JARDIM FLORESTA","NELSON MARCHEZAN JÚNIOR",705,182,25.8156028368794
"465","JARDIM FLORESTA","RODRIGO MARINI MARONI",705,7,0.99290780141844
"466","JARDIM FLORESTA","SEBASTIÃO DE ARAÚJO MELO",705,245,34.7517730496454
"467","JARDIM FLORESTA","VALTER LUIS DA COSTA NAGELSTEIN",705,22,3.12056737588652
"468","JARDIM ISABEL","FERNANDA MELCHIONNA E SILVA",986,49,4.96957403651116
"469","JARDIM ISABEL","GUSTAVO BOHRER PAIM",986,7,0.709939148073022
"470","JARDIM ISABEL","JOÃO DERLY DE OLIVEIRA NUNES JUNIOR",986,7,0.709939148073022
"471","JARDIM ISABEL","JULIANA BRIZOLA",986,62,6.28803245436105
"472","JARDIM ISABEL","MANUELA PINTO VIEIRA D AVILA",986,214,21.7038539553753
"473","JARDIM ISABEL","MONTSERRAT ANTÔNIO DE VASCONCELLOS MARTINS",986,2,0.202839756592292
"474","JARDIM ISABEL","NELSON MARCHEZAN JÚNIOR",986,240,24.3407707910751
"475","JARDIM ISABEL","RODRIGO MARINI MARONI",986,5,0.50709939148073
"476","JARDIM ISABEL","SEBASTIÃO DE ARAÚJO MELO",986,358,36.3083164300203
"477","JARDIM ISABEL","VALTER LUIS DA COSTA NAGELSTEIN",986,42,4.25963488843813
"478","JARDIM ITU","FERNANDA MELCHIONNA E SILVA",5454,205,3.75870920425376
"479","JARDIM ITU","GUSTAVO BOHRER PAIM",5454,65,1.19178584525119
"480","JARDIM ITU","JOÃO DERLY DE OLIVEIRA NUNES JUNIOR",5454,163,2.98863219655299
"481","JARDIM ITU","JULIANA BRIZOLA",5454,434,7.95746241290796
"482","JARDIM ITU","JULIO CESAR LEIRIAS FLORES",5454,6,0.11001100110011
"483","JARDIM ITU","LUIZ DELVAIR MARTINS BARROS",5454,2,0.0366703337000367
"484","JARDIM ITU","MANUELA PINTO VIEIRA D AVILA",5454,1285,23.5606894022736
"485","JARDIM ITU","MONTSERRAT ANTÔNIO DE VASCONCELLOS MARTINS",5454,8,0.146681334800147
"486","JARDIM ITU","NELSON MARCHEZAN JÚNIOR",5454,1352,24.7891455812248
"487","JARDIM ITU","RODRIGO MARINI MARONI",5454,31,0.568390172350568
"488","JARDIM ITU","SEBASTIÃO DE ARAÚJO MELO",5454,1698,31.1331133113311
"489","JARDIM ITU","VALTER LUIS DA COSTA NAGELSTEIN",5454,205,3.75870920425376
"490","JARDIM LEOPOLDINA","FERNANDA MELCHIONNA E SILVA",9441,430,4.55460226670904
"491","JARDIM LEOPOLDINA","GUSTAVO BOHRER PAIM",9441,123,1.30282809024468
"492","JARDIM LEOPOLDINA","JOÃO DERLY DE OLIVEIRA NUNES JUNIOR",9441,331,3.50598453553649
"493","JARDIM LEOPOLDINA","JULIANA BRIZOLA",9441,652,6.90604808812626
"494","JARDIM LEOPOLDINA","JULIO CESAR LEIRIAS FLORES",9441,10,0.105920982946722
"495","JARDIM LEOPOLDINA","LUIZ DELVAIR MARTINS BARROS",9441,2,0.0211841965893443
"496","JARDIM LEOPOLDINA","MANUELA PINTO VIEIRA D AVILA",9441,2807,29.7320199131448
"497","JARDIM LEOPOLDINA","MONTSERRAT ANTÔNIO DE VASCONCELLOS MARTINS",9441,16,0.169473572714755
"498","JARDIM LEOPOLDINA","NELSON MARCHEZAN JÚNIOR",9441,2068,21.9044592733821
"499","JARDIM LEOPOLDINA","RODRIGO MARINI MARONI",9441,72,0.762631077216397
"500","JARDIM LEOPOLDINA","SEBASTIÃO DE ARAÚJO MELO",9441,2727,28.884652049571
"501","JARDIM LEOPOLDINA","VALTER LUIS DA COSTA NAGELSTEIN",9441,203,2.15019595381845
"502","JARDIM LINDÓIA","FERNANDA MELCHIONNA E SILVA",5492,190,3.45957756737072
"503","JARDIM LINDÓIA","GUSTAVO BOHRER PAIM",5492,65,1.18353969410051
"504","JARDIM LINDÓIA","JOÃO DERLY DE OLIVEIRA NUNES JUNIOR",5492,108,1.96649672250546
"505","JARDIM LINDÓIA","JULIANA BRIZOLA",5492,263,4.78878368536052
"506","JARDIM LINDÓIA","JULIO CESAR LEIRIAS FLORES",5492,1,0.0182083029861617
"507","JARDIM LINDÓIA","LUIZ DELVAIR MARTINS BARROS",5492,2,0.0364166059723234
"508","JARDIM LINDÓIA","MANUELA PINTO VIEIRA D AVILA",5492,1077,19.6103423160961
"509","JARDIM LINDÓIA","MONTSERRAT ANTÔNIO DE VASCONCELLOS MARTINS",5492,13,0.236707938820102
"510","JARDIM LINDÓIA","NELSON MARCHEZAN JÚNIOR",5492,1490,27.1303714493809
"511","JARDIM LINDÓIA","RODRIGO MARINI MARONI",5492,17,0.309541150764749
"512","JARDIM LINDÓIA","SEBASTIÃO DE ARAÚJO MELO",5492,1995,36.3255644573926
"513","JARDIM LINDÓIA","VALTER LUIS DA COSTA NAGELSTEIN",5492,271,4.93445010924982
"514","JARDIM SABARÁ","FERNANDA MELCHIONNA E SILVA",6672,302,4.52637889688249
"515","JARDIM SABARÁ","GUSTAVO BOHRER PAIM",6672,82,1.22901678657074
"516","JARDIM SABARÁ","JOÃO DERLY DE OLIVEIRA NUNES JUNIOR",6672,179,2.68285371702638
"517","JARDIM SABARÁ","JULIANA BRIZOLA",6672,487,7.29916067146283
"518","JARDIM SABARÁ","JULIO CESAR LEIRIAS FLORES",6672,9,0.134892086330935
"519","JARDIM SABARÁ","MANUELA PINTO VIEIRA D AVILA",6672,1701,25.4946043165468
"520","JARDIM SABARÁ","MONTSERRAT ANTÔNIO DE VASCONCELLOS MARTINS",6672,9,0.134892086330935
"521","JARDIM SABARÁ","NELSON MARCHEZAN JÚNIOR",6672,1626,24.3705035971223
"522","JARDIM SABARÁ","RODRIGO MARINI MARONI",6672,38,0.569544364508393
"523","JARDIM SABARÁ","SEBASTIÃO DE ARAÚJO MELO",6672,2030,30.4256594724221
"524","JARDIM SABARÁ","VALTER LUIS DA COSTA NAGELSTEIN",6672,209,3.13249400479616
"525","JARDIM SÃO PEDRO","FERNANDA MELCHIONNA E SILVA",1219,51,4.18375717801477
"526","JARDIM SÃO PEDRO","GUSTAVO BOHRER PAIM",1219,15,1.23051681706317
"527","JARDIM SÃO PEDRO","JOÃO DERLY DE OLIVEIRA NUNES JUNIOR",1219,50,4.10172272354389
"528","JARDIM SÃO PEDRO","JULIANA BRIZOLA",1219,66,5.41427399507793
"529","JARDIM SÃO PEDRO","JULIO CESAR LEIRIAS FLORES",1219,3,0.246103363412633
"530","JARDIM SÃO PEDRO","MANUELA PINTO VIEIRA D AVILA",1219,250,20.5086136177194
"531","JARDIM SÃO PEDRO","MONTSERRAT ANTÔNIO DE VASCONCELLOS MARTINS",1219,4,0.328137817883511
"532","JARDIM SÃO PEDRO","NELSON MARCHEZAN JÚNIOR",1219,313,25.6767842493847
"533","JARDIM SÃO PEDRO","RODRIGO MARINI MARONI",1219,6,0.492206726825267
"534","JARDIM SÃO PEDRO","SEBASTIÃO DE ARAÚJO MELO",1219,405,33.2239540607055
"535","JARDIM SÃO PEDRO","VALTER LUIS DA COSTA NAGELSTEIN",1219,56,4.59392945036916
"536","LAGEADO","FERNANDA MELCHIONNA E SILVA",701,14,1.99714693295292
"537","LAGEADO","GUSTAVO BOHRER PAIM",701,11,1.56918687589158
"538","LAGEADO","JOÃO DERLY DE OLIVEIRA NUNES JUNIOR",701,28,3.99429386590585
"539","LAGEADO","JULIANA BRIZOLA",701,49,6.99001426533524
"540","LAGEADO","JULIO CESAR LEIRIAS FLORES",701,4,0.570613409415121
"541","LAGEADO","LUIZ DELVAIR MARTINS BARROS",701,1,0.14265335235378
"542","LAGEADO","MANUELA PINTO VIEIRA D AVILA",701,151,21.5406562054208
"543","LAGEADO","MONTSERRAT ANTÔNIO DE VASCONCELLOS MARTINS",701,1,0.14265335235378
"544","LAGEADO","NELSON MARCHEZAN JÚNIOR",701,137,19.5435092724679
"545","LAGEADO","RODRIGO MARINI MARONI",701,5,0.713266761768902
"546","LAGEADO","SEBASTIÃO DE ARAÚJO MELO",701,282,40.228245363766
"547","LAGEADO","VALTER LUIS DA COSTA NAGELSTEIN",701,18,2.56776034236805
"548","LAMI","FERNANDA MELCHIONNA E SILVA",2695,47,1.74397031539889
"549","LAMI","GUSTAVO BOHRER PAIM",2695,19,0.705009276437848
"550","LAMI","JOÃO DERLY DE OLIVEIRA NUNES JUNIOR",2695,123,4.56400742115028
"551","LAMI","JULIANA BRIZOLA",2695,154,5.71428571428571
"552","LAMI","JULIO CESAR LEIRIAS FLORES",2695,7,0.25974025974026
"553","LAMI","MANUELA PINTO VIEIRA D AVILA",2695,565,20.9647495361781
"554","LAMI","MONTSERRAT ANTÔNIO DE VASCONCELLOS MARTINS",2695,3,0.111317254174397
"555","LAMI","NELSON MARCHEZAN JÚNIOR",2695,722,26.7903525046382
"556","LAMI","RODRIGO MARINI MARONI",2695,17,0.630797773654917
"557","LAMI","SEBASTIÃO DE ARAÚJO MELO",2695,985,36.5491651205937
"558","LAMI","VALTER LUIS DA COSTA NAGELSTEIN",2695,53,1.96660482374768
"559","LOMBA DO PINHEIRO","FERNANDA MELCHIONNA E SILVA",18422,667,3.62067093692324
"560","LOMBA DO PINHEIRO","GUSTAVO BOHRER PAIM",18422,164,0.890239930517859
"561","LOMBA DO PINHEIRO","JOÃO DERLY DE OLIVEIRA NUNES JUNIOR",18422,959,5.20573227662577
"562","LOMBA DO PINHEIRO","JULIANA BRIZOLA",18422,1291,7.00792530669851
"563","LOMBA DO PINHEIRO","JULIO CESAR LEIRIAS FLORES",18422,19,0.10313755292585
"564","LOMBA DO PINHEIRO","LUIZ DELVAIR MARTINS BARROS",18422,5,0.0271414612962762
"565","LOMBA DO PINHEIRO","MANUELA PINTO VIEIRA D AVILA",18422,6000,32.5697535555314
"566","LOMBA DO PINHEIRO","MONTSERRAT ANTÔNIO DE VASCONCELLOS MARTINS",18422,21,0.11399413744436
"567","LOMBA DO PINHEIRO","NELSON MARCHEZAN JÚNIOR",18422,3712,20.1498208663554
"568","LOMBA DO PINHEIRO","RODRIGO MARINI MARONI",18422,144,0.781674085332754
"569","LOMBA DO PINHEIRO","SEBASTIÃO DE ARAÚJO MELO",18422,5138,27.8905656280534
"570","LOMBA DO PINHEIRO","VALTER LUIS DA COSTA NAGELSTEIN",18422,302,1.63934426229508
"571","MÁRIO QUINTANA","FERNANDA MELCHIONNA E SILVA",9398,376,4.00085124494573
"572","MÁRIO QUINTANA","GUSTAVO BOHRER PAIM",9398,81,0.861885507554799
"573","MÁRIO QUINTANA","JOÃO DERLY DE OLIVEIRA NUNES JUNIOR",9398,391,4.1604596722707
"574","MÁRIO QUINTANA","JULIANA BRIZOLA",9398,562,5.97999574377527
"575","MÁRIO QUINTANA","JULIO CESAR LEIRIAS FLORES",9398,10,0.106405618216642
"576","MÁRIO QUINTANA","LUIZ DELVAIR MARTINS BARROS",9398,2,0.0212811236433284
"577","MÁRIO QUINTANA","MANUELA PINTO VIEIRA D AVILA",9398,3121,33.2091934454139
"578","MÁRIO QUINTANA","MONTSERRAT ANTÔNIO DE VASCONCELLOS MARTINS",9398,7,0.0744839327516493
"579","MÁRIO QUINTANA","NELSON MARCHEZAN JÚNIOR",9398,1547,16.4609491381145
"580","MÁRIO QUINTANA","RODRIGO MARINI MARONI",9398,75,0.798042136624814
"581","MÁRIO QUINTANA","SEBASTIÃO DE ARAÚJO MELO",9398,3023,32.1664183868908
"582","MÁRIO QUINTANA","VALTER LUIS DA COSTA NAGELSTEIN",9398,203,2.16003404979783
"583","MEDIANEIRA","FERNANDA MELCHIONNA E SILVA",8581,411,4.78965155576273
"584","MEDIANEIRA","GUSTAVO BOHRER PAIM",8581,105,1.22363360913646
"585","MEDIANEIRA","JOÃO DERLY DE OLIVEIRA NUNES JUNIOR",8581,326,3.79909101503321
"586","MEDIANEIRA","JULIANA BRIZOLA",8581,601,7.00384570562871
"587","MEDIANEIRA","JULIO CESAR LEIRIAS FLORES",8581,15,0.174804801305209
"588","MEDIANEIRA","MANUELA PINTO VIEIRA D AVILA",8581,2830,32.9798391795828
"589","MEDIANEIRA","MONTSERRAT ANTÔNIO DE VASCONCELLOS MARTINS",8581,21,0.244726721827293
"590","MEDIANEIRA","NELSON MARCHEZAN JÚNIOR",8581,1521,17.7252068523482
"591","MEDIANEIRA","RODRIGO MARINI MARONI",8581,49,0.571029017597017
"592","MEDIANEIRA","SEBASTIÃO DE ARAÚJO MELO",8581,2475,28.8427922153595
"593","MEDIANEIRA","VALTER LUIS DA COSTA NAGELSTEIN",8581,227,2.64537932641883
"594","MENINO DEUS","FERNANDA MELCHIONNA E SILVA",17513,926,5.2875007137555
"595","MENINO DEUS","GUSTAVO BOHRER PAIM",17513,225,1.28475989265117
"596","MENINO DEUS","JOÃO DERLY DE OLIVEIRA NUNES JUNIOR",17513,241,1.37612059612859
"597","MENINO DEUS","JULIANA BRIZOLA",17513,1023,5.84137497858733
"598","MENINO DEUS","JULIO CESAR LEIRIAS FLORES",17513,27,0.154171187118141
"599","MENINO DEUS","LUIZ DELVAIR MARTINS BARROS",17513,4,0.0228401758693542
"600","MENINO DEUS","MANUELA PINTO VIEIRA D AVILA",17513,5538,31.6222234911209
"601","MENINO DEUS","MONTSERRAT ANTÔNIO DE VASCONCELLOS MARTINS",17513,45,0.256951978530235
"602","MENINO DEUS","NELSON MARCHEZAN JÚNIOR",17513,3604,20.5789984582881
"603","MENINO DEUS","RODRIGO MARINI MARONI",17513,69,0.39399303374636
"604","MENINO DEUS","SEBASTIÃO DE ARAÚJO MELO",17513,5263,30.0519614001028
"605","MENINO DEUS","VALTER LUIS DA COSTA NAGELSTEIN",17513,548,3.12910409410152
"606","MOINHOS DE VENTO","FERNANDA MELCHIONNA E SILVA",12098,407,3.36419242850058
"607","MOINHOS DE VENTO","GUSTAVO BOHRER PAIM",12098,253,2.09125475285171
"608","MOINHOS DE VENTO","JOÃO DERLY DE OLIVEIRA NUNES JUNIOR",12098,105,0.867912051578773
"609","MOINHOS DE VENTO","JULIANA BRIZOLA",12098,545,4.50487683914697
"610","MOINHOS DE VENTO","JULIO CESAR LEIRIAS FLORES",12098,12,0.0991899487518598
"611","MOINHOS DE VENTO","MANUELA PINTO VIEIRA D AVILA",12098,2722,22.4995867085469
"612","MOINHOS DE VENTO","MONTSERRAT ANTÔNIO DE VASCONCELLOS MARTINS",12098,40,0.330633162506199
"613","MOINHOS DE VENTO","NELSON MARCHEZAN JÚNIOR",12098,2792,23.0781947429327
"614","MOINHOS DE VENTO","RODRIGO MARINI MARONI",12098,38,0.314101504380889
"615","MOINHOS DE VENTO","SEBASTIÃO DE ARAÚJO MELO",12098,4574,37.8079021325839
"616","MOINHOS DE VENTO","VALTER LUIS DA COSTA NAGELSTEIN",12098,610,5.04215572821954
"617","MONTSERRAT","FERNANDA MELCHIONNA E SILVA",2874,87,3.02713987473904
"618","MONTSERRAT","GUSTAVO BOHRER PAIM",2874,55,1.91370911621434
"619","MONTSERRAT","JOÃO DERLY DE OLIVEIRA NUNES JUNIOR",2874,35,1.2178148921364
"620","MONTSERRAT","JULIANA BRIZOLA",2874,144,5.01043841336117
"621","MONTSERRAT","JULIO CESAR LEIRIAS FLORES",2874,4,0.139178844815588
"622","MONTSERRAT","LUIZ DELVAIR MARTINS BARROS",2874,1,0.034794711203897
"623","MONTSERRAT","MANUELA PINTO VIEIRA D AVILA",2874,538,18.7195546276966
"624","MONTSERRAT","MONTSERRAT ANTÔNIO DE VASCONCELLOS MARTINS",2874,10,0.34794711203897
"625","MONTSERRAT","NELSON MARCHEZAN JÚNIOR",2874,711,24.7390396659708
"626","MONTSERRAT","RODRIGO MARINI MARONI",2874,9,0.313152400835073
"627","MONTSERRAT","SEBASTIÃO DE ARAÚJO MELO",2874,1126,39.178844815588
"628","MONTSERRAT","VALTER LUIS DA COSTA NAGELSTEIN",2874,154,5.35838552540014
"629","MORRO SANTANA","FERNANDA MELCHIONNA E SILVA",7943,329,4.14201183431953
"630","MORRO SANTANA","GUSTAVO BOHRER PAIM",7943,81,1.01976583154979
"631","MORRO SANTANA","JOÃO DERLY DE OLIVEIRA NUNES JUNIOR",7943,345,4.34344706030467
"632","MORRO SANTANA","JULIANA BRIZOLA",7943,592,7.45310336145033
"633","MORRO SANTANA","JULIO CESAR LEIRIAS FLORES",7943,13,0.16366612111293
"634","MORRO SANTANA","MANUELA PINTO VIEIRA D AVILA",7943,2598,32.7080448193378
"635","MORRO SANTANA","MONTSERRAT ANTÔNIO DE VASCONCELLOS MARTINS",7943,18,0.226614629233287
"636","MORRO SANTANA","NELSON MARCHEZAN JÚNIOR",7943,1744,21.9564396323807
"637","MORRO SANTANA","RODRIGO MARINI MARONI",7943,55,0.692433589323933
"638","MORRO SANTANA","SEBASTIÃO DE ARAÚJO MELO",7943,1978,24.9024298124134
"639","MORRO SANTANA","VALTER LUIS DA COSTA NAGELSTEIN",7943,190,2.39204330857359
"640","NAVEGANTES","FERNANDA MELCHIONNA E SILVA",1997,69,3.45518277416124
"641","NAVEGANTES","GUSTAVO BOHRER PAIM",1997,17,0.85127691537306
"642","NAVEGANTES","JOÃO DERLY DE OLIVEIRA NUNES JUNIOR",1997,49,2.45368052078117
"643","NAVEGANTES","JULIANA BRIZOLA",1997,143,7.1607411116675
"644","NAVEGANTES","JULIO CESAR LEIRIAS FLORES",1997,3,0.150225338007011
"645","NAVEGANTES","MANUELA PINTO VIEIRA D AVILA",1997,494,24.7371056584877
"646","NAVEGANTES","MONTSERRAT ANTÔNIO DE VASCONCELLOS MARTINS",1997,1,0.0500751126690035
"647","NAVEGANTES","NELSON MARCHEZAN JÚNIOR",1997,486,24.3365047571357
"648","NAVEGANTES","RODRIGO MARINI MARONI",1997,12,0.600901352028042
"649","NAVEGANTES","SEBASTIÃO DE ARAÚJO MELO",1997,652,32.6489734601903
"650","NAVEGANTES","VALTER LUIS DA COSTA NAGELSTEIN",1997,71,3.55533299949925
"651","NONOAI","FERNANDA MELCHIONNA E SILVA",6742,299,4.4348857905666
"652","NONOAI","GUSTAVO BOHRER PAIM",6742,68,1.00860278849006
"653","NONOAI","JOÃO DERLY DE OLIVEIRA NUNES JUNIOR",6742,259,3.84159003263127
"654","NONOAI","JULIANA BRIZOLA",6742,426,6.31859982201127
"655","NONOAI","JULIO CESAR LEIRIAS FLORES",6742,11,0.163156333432216
"656","NONOAI","MANUELA PINTO VIEIRA D AVILA",6742,2026,30.0504301394245
"657","NONOAI","MONTSERRAT ANTÔNIO DE VASCONCELLOS MARTINS",6742,10,0.148323939483833
"658","NONOAI","NELSON MARCHEZAN JÚNIOR",6742,1250,18.5404924354791
"659","NONOAI","RODRIGO MARINI MARONI",6742,37,0.548798576090181
"660","NONOAI","SEBASTIÃO DE ARAÚJO MELO",6742,2157,31.9934737466627
"661","NONOAI","VALTER LUIS DA COSTA NAGELSTEIN",6742,199,2.95164639572827
"662","PARQUE SANTA FÉ","FERNANDA MELCHIONNA E SILVA",2377,120,5.04838031131679
"663","PARQUE SANTA FÉ","GUSTAVO BOHRER PAIM",2377,27,1.13588557004628
"664","PARQUE SANTA FÉ","JOÃO DERLY DE OLIVEIRA NUNES JUNIOR",2377,79,3.32351703828355
"665","PARQUE SANTA FÉ","JULIANA BRIZOLA",2377,164,6.89945309213294
"666","PARQUE SANTA FÉ","JULIO CESAR LEIRIAS FLORES",2377,2,0.0841396718552798
"667","PARQUE SANTA FÉ","LUIZ DELVAIR MARTINS BARROS",2377,1,0.0420698359276399
"668","PARQUE SANTA FÉ","MANUELA PINTO VIEIRA D AVILA",2377,686,28.859907446361
"669","PARQUE SANTA FÉ","MONTSERRAT ANTÔNIO DE VASCONCELLOS MARTINS",2377,5,0.210349179638199
"670","PARQUE SANTA FÉ","NELSON MARCHEZAN JÚNIOR",2377,504,21.2031973075305
"671","PARQUE SANTA FÉ","RODRIGO MARINI MARONI",2377,9,0.378628523348759
"672","PARQUE SANTA FÉ","SEBASTIÃO DE ARAÚJO MELO",2377,719,30.2482120319731
"673","PARQUE SANTA FÉ","VALTER LUIS DA COSTA NAGELSTEIN",2377,61,2.56625999158603
"674","PARTENON","FERNANDA MELCHIONNA E SILVA",29606,1420,4.79632506924272
"675","PARTENON","GUSTAVO BOHRER PAIM",29606,386,1.30378977234344
"676","PARTENON","JOÃO DERLY DE OLIVEIRA NUNES JUNIOR",29606,1007,3.40133756670945
"677","PARTENON","JULIANA BRIZOLA",29606,1938,6.54597041140309
"678","PARTENON","JULIO CESAR LEIRIAS FLORES",29606,32,0.108086198743498
"679","PARTENON","LUIZ DELVAIR MARTINS BARROS",29606,7,0.0236438559751402
"680","PARTENON","MANUELA PINTO VIEIRA D AVILA",29606,9392,31.7232993312166
"681","PARTENON","MONTSERRAT ANTÔNIO DE VASCONCELLOS MARTINS",29606,82,0.276970884280213
"682","PARTENON","NELSON MARCHEZAN JÚNIOR",29606,6069,20.4992231304465
"683","PARTENON","RODRIGO MARINI MARONI",29606,161,0.543808687428224
"684","PARTENON","SEBASTIÃO DE ARAÚJO MELO",29606,8277,27.9571708437479
"685","PARTENON","VALTER LUIS DA COSTA NAGELSTEIN",29606,835,2.82037424846315
"686","PASSO DA AREIA","FERNANDA MELCHIONNA E SILVA",10093,382,3.78480134746854
"687","PASSO DA AREIA","GUSTAVO BOHRER PAIM",10093,107,1.06014069156841
"688","PASSO DA AREIA","JOÃO DERLY DE OLIVEIRA NUNES JUNIOR",10093,249,2.46705637570593
"689","PASSO DA AREIA","JULIANA BRIZOLA",10093,607,6.01406915684138
"690","PASSO DA AREIA","JULIO CESAR LEIRIAS FLORES",10093,5,0.0495392846527296
"691","PASSO DA AREIA","LUIZ DELVAIR MARTINS BARROS",10093,5,0.0495392846527296
"692","PASSO DA AREIA","MANUELA PINTO VIEIRA D AVILA",10093,2576,25.5226394530863
"693","PASSO DA AREIA","MONTSERRAT ANTÔNIO DE VASCONCELLOS MARTINS",10093,13,0.128802140097097
"694","PASSO DA AREIA","NELSON MARCHEZAN JÚNIOR",10093,2347,23.2537402159913
"695","PASSO DA AREIA","RODRIGO MARINI MARONI",10093,37,0.366590706430199
"696","PASSO DA AREIA","SEBASTIÃO DE ARAÚJO MELO",10093,3379,33.4786485683147
"697","PASSO DA AREIA","VALTER LUIS DA COSTA NAGELSTEIN",10093,386,3.82443277519073
"698","PASSO DAS PEDRAS","FERNANDA MELCHIONNA E SILVA",7755,288,3.7137330754352
"699","PASSO DAS PEDRAS","GUSTAVO BOHRER PAIM",7755,87,1.12185686653772
"700","PASSO DAS PEDRAS","JOÃO DERLY DE OLIVEIRA NUNES JUNIOR",7755,311,4.01031592520954
"701","PASSO DAS PEDRAS","JULIANA BRIZOLA",7755,480,6.18955512572534
"702","PASSO DAS PEDRAS","JULIO CESAR LEIRIAS FLORES",7755,11,0.141843971631206
"703","PASSO DAS PEDRAS","LUIZ DELVAIR MARTINS BARROS",7755,1,0.0128949065119278
"704","PASSO DAS PEDRAS","MANUELA PINTO VIEIRA D AVILA",7755,2101,27.0921985815603
"705","PASSO DAS PEDRAS","MONTSERRAT ANTÔNIO DE VASCONCELLOS MARTINS",7755,6,0.0773694390715667
"706","PASSO DAS PEDRAS","NELSON MARCHEZAN JÚNIOR",7755,1740,22.4371373307544
"707","PASSO DAS PEDRAS","RODRIGO MARINI MARONI",7755,47,0.606060606060606
"708","PASSO DAS PEDRAS","SEBASTIÃO DE ARAÚJO MELO",7755,2489,32.0954223081883
"709","PASSO DAS PEDRAS","VALTER LUIS DA COSTA NAGELSTEIN",7755,194,2.50161186331399
"710","PEDRA REDONDA","FERNANDA MELCHIONNA E SILVA",1556,76,4.88431876606684
"711","PEDRA REDONDA","GUSTAVO BOHRER PAIM",1556,25,1.60668380462725
"712","PEDRA REDONDA","JOÃO DERLY DE OLIVEIRA NUNES JUNIOR",1556,18,1.15681233933162
"713","PEDRA REDONDA","JULIANA BRIZOLA",1556,79,5.07712082262211
"714","PEDRA REDONDA","JULIO CESAR LEIRIAS FLORES",1556,2,0.12853470437018
"715","PEDRA REDONDA","LUIZ DELVAIR MARTINS BARROS",1556,1,0.06426735218509
"716","PEDRA REDONDA","MANUELA PINTO VIEIRA D AVILA",1556,385,24.7429305912596
"717","PEDRA REDONDA","MONTSERRAT ANTÔNIO DE VASCONCELLOS MARTINS",1556,7,0.44987146529563
"718","PEDRA REDONDA","NELSON MARCHEZAN JÚNIOR",1556,370,23.7789203084833
"719","PEDRA REDONDA","RODRIGO MARINI MARONI",1556,4,0.25706940874036
"720","PEDRA REDONDA","SEBASTIÃO DE ARAÚJO MELO",1556,542,34.8329048843188
"721","PEDRA REDONDA","VALTER LUIS DA COSTA NAGELSTEIN",1556,47,3.02056555269923
"722","PETRÓPOLIS","FERNANDA MELCHIONNA E SILVA",19263,825,4.28282199034418
"723","PETRÓPOLIS","GUSTAVO BOHRER PAIM",19263,284,1.47432902455485
"724","PETRÓPOLIS","JOÃO DERLY DE OLIVEIRA NUNES JUNIOR",19263,193,1.00192078077143
"725","PETRÓPOLIS","JULIANA BRIZOLA",19263,969,5.03036910138608
"726","PETRÓPOLIS","JULIO CESAR LEIRIAS FLORES",19263,26,0.13497378393812
"727","PETRÓPOLIS","LUIZ DELVAIR MARTINS BARROS",19263,5,0.0259564969111769
"728","PETRÓPOLIS","MANUELA PINTO VIEIRA D AVILA",19263,5053,26.2316357784353
"729","PETRÓPOLIS","MONTSERRAT ANTÔNIO DE VASCONCELLOS MARTINS",19263,70,0.363390956756476
"730","PETRÓPOLIS","NELSON MARCHEZAN JÚNIOR",19263,4608,23.9215075533406
"731","PETRÓPOLIS","RODRIGO MARINI MARONI",19263,69,0.358199657374241
"732","PETRÓPOLIS","SEBASTIÃO DE ARAÚJO MELO",19263,6223,32.3054560556507
"733","PETRÓPOLIS","VALTER LUIS DA COSTA NAGELSTEIN",19263,938,4.86943882053678
"734","PITINGA","FERNANDA MELCHIONNA E SILVA",147,7,4.76190476190476
"735","PITINGA","GUSTAVO BOHRER PAIM",147,2,1.36054421768707
"736","PITINGA","JOÃO DERLY DE OLIVEIRA NUNES JUNIOR",147,7,4.76190476190476
"737","PITINGA","JULIANA BRIZOLA",147,22,14.9659863945578
"738","PITINGA","MANUELA PINTO VIEIRA D AVILA",147,49,33.3333333333333
"739","PITINGA","NELSON MARCHEZAN JÚNIOR",147,12,8.16326530612245
"740","PITINGA","RODRIGO MARINI MARONI",147,1,0.680272108843537
"741","PITINGA","SEBASTIÃO DE ARAÚJO MELO",147,46,31.2925170068027
"742","PITINGA","VALTER LUIS DA COSTA NAGELSTEIN",147,1,0.680272108843537
"743","PONTA GROSSA","FERNANDA MELCHIONNA E SILVA",2007,76,3.78674638764325
"744","PONTA GROSSA","GUSTAVO BOHRER PAIM",2007,13,0.64773293472845
"745","PONTA GROSSA","JOÃO DERLY DE OLIVEIRA NUNES JUNIOR",2007,90,4.48430493273543
"746","PONTA GROSSA","JULIANA BRIZOLA",2007,154,7.67314399601395
"747","PONTA GROSSA","JULIO CESAR LEIRIAS FLORES",2007,1,0.049825610363727
"748","PONTA GROSSA","MANUELA PINTO VIEIRA D AVILA",2007,496,24.7135027404086
"749","PONTA GROSSA","MONTSERRAT ANTÔNIO DE VASCONCELLOS MARTINS",2007,5,0.249128051818635
"750","PONTA GROSSA","NELSON MARCHEZAN JÚNIOR",2007,411,20.4783258594918
"751","PONTA GROSSA","RODRIGO MARINI MARONI",2007,10,0.49825610363727
"752","PONTA GROSSA","SEBASTIÃO DE ARAÚJO MELO",2007,695,34.6287992027902
"753","PONTA GROSSA","VALTER LUIS DA COSTA NAGELSTEIN",2007,56,2.79023418036871
"754","RESTINGA","FERNANDA MELCHIONNA E SILVA",22780,1227,5.38630377524144
"755","RESTINGA","GUSTAVO BOHRER PAIM",22780,213,0.935030728709394
"756","RESTINGA","JOÃO DERLY DE OLIVEIRA NUNES JUNIOR",22780,943,4.13959613696225
"757","RESTINGA","JULIANA BRIZOLA",22780,2025,8.88937664618086
"758","RESTINGA","JULIO CESAR LEIRIAS FLORES",22780,30,0.131694468832309
"759","RESTINGA","LUIZ DELVAIR MARTINS BARROS",22780,5,0.0219490781387182
"760","RESTINGA","MANUELA PINTO VIEIRA D AVILA",22780,7681,33.7181738366989
"761","RESTINGA","MONTSERRAT ANTÔNIO DE VASCONCELLOS MARTINS",22780,26,0.114135206321335
"762","RESTINGA","NELSON MARCHEZAN JÚNIOR",22780,3488,15.3116769095698
"763","RESTINGA","RODRIGO MARINI MARONI",22780,182,0.798946444249342
"764","RESTINGA","SEBASTIÃO DE ARAÚJO MELO",22780,6596,28.955223880597
"765","RESTINGA","VALTER LUIS DA COSTA NAGELSTEIN",22780,364,1.59789288849868
"766","RIO BRANCO","FERNANDA MELCHIONNA E SILVA",8244,339,4.11208151382824
"767","RIO BRANCO","GUSTAVO BOHRER PAIM",8244,139,1.68607472100922
"768","RIO BRANCO","JOÃO DERLY DE OLIVEIRA NUNES JUNIOR",8244,69,0.836972343522562
"769","RIO BRANCO","JULIANA BRIZOLA",8244,374,4.53663270257157
"770","RIO BRANCO","JULIO CESAR LEIRIAS FLORES",8244,5,0.0606501698204755
"771","RIO BRANCO","LUIZ DELVAIR MARTINS BARROS",8244,2,0.0242600679281902
"772","RIO BRANCO","MANUELA PINTO VIEIRA D AVILA",8244,1897,23.0106744298884
"773","RIO BRANCO","MONTSERRAT ANTÔNIO DE VASCONCELLOS MARTINS",8244,36,0.436681222707424
"774","RIO BRANCO","NELSON MARCHEZAN JÚNIOR",8244,2002,24.2843279961184
"775","RIO BRANCO","RODRIGO MARINI MARONI",8244,18,0.218340611353712
"776","RIO BRANCO","SEBASTIÃO DE ARAÚJO MELO",8244,2949,35.7714701601165
"777","RIO BRANCO","VALTER LUIS DA COSTA NAGELSTEIN",8244,414,5.02183406113537
"778","RUBEM BERTA","FERNANDA MELCHIONNA E SILVA",12870,615,4.77855477855478
"779","RUBEM BERTA","GUSTAVO BOHRER PAIM",12870,146,1.13442113442113
"780","RUBEM BERTA","JOÃO DERLY DE OLIVEIRA NUNES JUNIOR",12870,467,3.62859362859363
"781","RUBEM BERTA","JULIANA BRIZOLA",12870,869,6.75213675213675
"782","RUBEM BERTA","JULIO CESAR LEIRIAS FLORES",12870,27,0.20979020979021
"783","RUBEM BERTA","MANUELA PINTO VIEIRA D AVILA",12870,4282,33.2711732711733
"784","RUBEM BERTA","MONTSERRAT ANTÔNIO DE VASCONCELLOS MARTINS",12870,11,0.0854700854700855
"785","RUBEM BERTA","NELSON MARCHEZAN JÚNIOR",12870,2646,20.5594405594406
"786","RUBEM BERTA","RODRIGO MARINI MARONI",12870,85,0.66045066045066
"787","RUBEM BERTA","SEBASTIÃO DE ARAÚJO MELO",12870,3424,26.6045066045066
"788","RUBEM BERTA","VALTER LUIS DA COSTA NAGELSTEIN",12870,298,2.31546231546232
"789","SANTA CECÍLIA","FERNANDA MELCHIONNA E SILVA",5713,300,5.25118151584106
"790","SANTA CECÍLIA","GUSTAVO BOHRER PAIM",5713,71,1.24277962541572
"791","SANTA CECÍLIA","JOÃO DERLY DE OLIVEIRA NUNES JUNIOR",5713,66,1.15525993348503
"792","SANTA CECÍLIA","JULIANA BRIZOLA",5713,295,5.16366182391038
"793","SANTA CECÍLIA","JULIO CESAR LEIRIAS FLORES",5713,5,0.0875196919306844
"794","SANTA CECÍLIA","LUIZ DELVAIR MARTINS BARROS",5713,2,0.0350078767722738
"795","SANTA CECÍLIA","MANUELA PINTO VIEIRA D AVILA",5713,1892,33.117451426571
"796","SANTA CECÍLIA","MONTSERRAT ANTÔNIO DE VASCONCELLOS MARTINS",5713,20,0.350078767722738
"797","SANTA CECÍLIA","NELSON MARCHEZAN JÚNIOR",5713,1170,20.4796079117801
"798","SANTA CECÍLIA","RODRIGO MARINI MARONI",5713,14,0.245055137405916
"799","SANTA CECÍLIA","SEBASTIÃO DE ARAÚJO MELO",5713,1659,29.0390337826011
"800","SANTA CECÍLIA","VALTER LUIS DA COSTA NAGELSTEIN",5713,219,3.83336250656398
"801","SANTA MARIA GORETTI","FERNANDA MELCHIONNA E SILVA",1227,46,3.74898125509372
"802","SANTA MARIA GORETTI","GUSTAVO BOHRER PAIM",1227,17,1.38549307253464
"803","SANTA MARIA GORETTI","JOÃO DERLY DE OLIVEIRA NUNES JUNIOR",1227,38,3.09698451507742
"804","SANTA MARIA GORETTI","JULIANA BRIZOLA",1227,61,4.97147514262429
"805","SANTA MARIA GORETTI","JULIO CESAR LEIRIAS FLORES",1227,5,0.407497962510187
"806","SANTA MARIA GORETTI","LUIZ DELVAIR MARTINS BARROS",1227,2,0.162999185004075
"807","SANTA MARIA GORETTI","MANUELA PINTO VIEIRA D AVILA",1227,293,23.879380603097
"808","SANTA MARIA GORETTI","MONTSERRAT ANTÔNIO DE VASCONCELLOS MARTINS",1227,1,0.0814995925020375
"809","SANTA MARIA GORETTI","NELSON MARCHEZAN JÚNIOR",1227,312,25.4278728606357
"810","SANTA MARIA GORETTI","RODRIGO MARINI MARONI",1227,5,0.407497962510187
"811","SANTA MARIA GORETTI","SEBASTIÃO DE ARAÚJO MELO",1227,392,31.9478402607987
"812","SANTA MARIA GORETTI","VALTER LUIS DA COSTA NAGELSTEIN",1227,55,4.48247758761206
"813","SANTA ROSA DE LIMA","FERNANDA MELCHIONNA E SILVA",15646,641,4.09689377476671
"814","SANTA ROSA DE LIMA","GUSTAVO BOHRER PAIM",15646,197,1.25910775917167
"815","SANTA ROSA DE LIMA","JOÃO DERLY DE OLIVEIRA NUNES JUNIOR",15646,683,4.36533299245814
"816","SANTA ROSA DE LIMA","JULIANA BRIZOLA",15646,1124,7.18394477821808
"817","SANTA ROSA DE LIMA","JULIO CESAR LEIRIAS FLORES",15646,12,0.0766969193404065
"818","SANTA ROSA DE LIMA","LUIZ DELVAIR MARTINS BARROS",15646,2,0.0127828198900677
"819","SANTA ROSA DE LIMA","MANUELA PINTO VIEIRA D AVILA",15646,4399,28.115812348204
"820","SANTA ROSA DE LIMA","MONTSERRAT ANTÔNIO DE VASCONCELLOS MARTINS",15646,8,0.051131279560271
"821","SANTA ROSA DE LIMA","NELSON MARCHEZAN JÚNIOR",15646,3299,21.0852614086668
"822","SANTA ROSA DE LIMA","RODRIGO MARINI MARONI",15646,111,0.70944650389876
"823","SANTA ROSA DE LIMA","SEBASTIÃO DE ARAÚJO MELO",15646,4890,31.2539946312156
"824","SANTA ROSA DE LIMA","VALTER LUIS DA COSTA NAGELSTEIN",15646,280,1.78959478460948
"825","SANTA TEREZA","FERNANDA MELCHIONNA E SILVA",15762,585,3.71145793681005
"826","SANTA TEREZA","GUSTAVO BOHRER PAIM",15762,254,1.61147062555513
"827","SANTA TEREZA","JOÃO DERLY DE OLIVEIRA NUNES JUNIOR",15762,741,4.70118005329273
"828","SANTA TEREZA","JULIANA BRIZOLA",15762,1011,6.41416063951275
"829","SANTA TEREZA","JULIO CESAR LEIRIAS FLORES",15762,21,0.133231823372668
"830","SANTA TEREZA","LUIZ DELVAIR MARTINS BARROS",15762,2,0.0126887450831113
"831","SANTA TEREZA","MANUELA PINTO VIEIRA D AVILA",15762,5171,32.8067504123842
"832","SANTA TEREZA","MONTSERRAT ANTÔNIO DE VASCONCELLOS MARTINS",15762,96,0.609059763989341
"833","SANTA TEREZA","NELSON MARCHEZAN JÚNIOR",15762,2614,16.5841898236264
"834","SANTA TEREZA","RODRIGO MARINI MARONI",15762,86,0.545616038573785
"835","SANTA TEREZA","SEBASTIÃO DE ARAÚJO MELO",15762,4724,29.9708158863088
"836","SANTA TEREZA","VALTER LUIS DA COSTA NAGELSTEIN",15762,457,2.89937825149093
"837","SANTANA","FERNANDA MELCHIONNA E SILVA",9334,563,6.03171202056996
"838","SANTANA","GUSTAVO BOHRER PAIM",9334,101,1.08206556674523
"839","SANTANA","JOÃO DERLY DE OLIVEIRA NUNES JUNIOR",9334,135,1.44632526248125
"840","SANTANA","JULIANA BRIZOLA",9334,558,5.97814441825584
"841","SANTANA","JULIO CESAR LEIRIAS FLORES",9334,16,0.171416327405185
"842","SANTANA","LUIZ DELVAIR MARTINS BARROS",9334,1,0.0107135204628241
"843","SANTANA","MANUELA PINTO VIEIRA D AVILA",9334,3171,33.9725733876152
"844","SANTANA","MONTSERRAT ANTÔNIO DE VASCONCELLOS MARTINS",9334,48,0.514248982215556
"845","SANTANA","NELSON MARCHEZAN JÚNIOR",9334,1840,19.7128776515963
"846","SANTANA","RODRIGO MARINI MARONI",9334,29,0.310692093421898
"847","SANTANA","SEBASTIÃO DE ARAÚJO MELO",9334,2564,27.469466466681
"848","SANTANA","VALTER LUIS DA COSTA NAGELSTEIN",9334,308,3.29976430254982
"849","SANTO ANTÔNIO","FERNANDA MELCHIONNA E SILVA",9857,465,4.7174596733286
"850","SANTO ANTÔNIO","GUSTAVO BOHRER PAIM",9857,104,1.055087754895
"851","SANTO ANTÔNIO","JOÃO DERLY DE OLIVEIRA NUNES JUNIOR",9857,221,2.24206147915187
"852","SANTO ANTÔNIO","JULIANA BRIZOLA",9857,655,6.64502384092523
"853","SANTO ANTÔNIO","JULIO CESAR LEIRIAS FLORES",9857,16,0.162321193060769
"854","SANTO ANTÔNIO","LUIZ DELVAIR MARTINS BARROS",9857,1,0.0101450745662981
"855","SANTO ANTÔNIO","MANUELA PINTO VIEIRA D AVILA",9857,3118,31.6323424977174
"856","SANTO ANTÔNIO","MONTSERRAT ANTÔNIO DE VASCONCELLOS MARTINS",9857,31,0.31449731155524
"857","SANTO ANTÔNIO","NELSON MARCHEZAN JÚNIOR",9857,2060,20.898853606574
"858","SANTO ANTÔNIO","RODRIGO MARINI MARONI",9857,49,0.497108653748605
"859","SANTO ANTÔNIO","SEBASTIÃO DE ARAÚJO MELO",9857,2824,28.6496905752257
"860","SANTO ANTÔNIO","VALTER LUIS DA COSTA NAGELSTEIN",9857,313,3.17540833925129
"861","SÃO GERALDO","FERNANDA MELCHIONNA E SILVA",4402,168,3.81644706951386
"862","SÃO GERALDO","GUSTAVO BOHRER PAIM",4402,47,1.06769650159019
"863","SÃO GERALDO","JOÃO DERLY DE OLIVEIRA NUNES JUNIOR",4402,111,2.52158109950023
"864","SÃO GERALDO","JULIANA BRIZOLA",4402,284,6.45161290322581
"865","SÃO GERALDO","JULIO CESAR LEIRIAS FLORES",4402,5,0.113584734211722
"866","SÃO GERALDO","MANUELA PINTO VIEIRA D AVILA",4402,1034,23.4893230349841
"867","SÃO GERALDO","MONTSERRAT ANTÔNIO DE VASCONCELLOS MARTINS",4402,9,0.2044525215811
"868","SÃO GERALDO","NELSON MARCHEZAN JÚNIOR",4402,1103,25.0567923671059
"869","SÃO GERALDO","RODRIGO MARINI MARONI",4402,26,0.590640617900954
"870","SÃO GERALDO","SEBASTIÃO DE ARAÚJO MELO",4402,1433,32.5533848250795
"871","SÃO GERALDO","VALTER LUIS DA COSTA NAGELSTEIN",4402,182,4.13448432530668
"872","SÃO JOÃO","FERNANDA MELCHIONNA E SILVA",5650,185,3.27433628318584
"873","SÃO JOÃO","GUSTAVO BOHRER PAIM",5650,71,1.25663716814159
"874","SÃO JOÃO","JOÃO DERLY DE OLIVEIRA NUNES JUNIOR",5650,114,2.01769911504425
"875","SÃO JOÃO","JULIANA BRIZOLA",5650,281,4.97345132743363
"876","SÃO JOÃO","JULIO CESAR LEIRIAS FLORES",5650,3,0.0530973451327434
"877","SÃO JOÃO","MANUELA PINTO VIEIRA D AVILA",5650,1186,20.9911504424779
"878","SÃO JOÃO","MONTSERRAT ANTÔNIO DE VASCONCELLOS MARTINS",5650,14,0.247787610619469
"879","SÃO JOÃO","NELSON MARCHEZAN JÚNIOR",5650,1483,26.2477876106195
"880","SÃO JOÃO","RODRIGO MARINI MARONI",5650,19,0.336283185840708
"881","SÃO JOÃO","SEBASTIÃO DE ARAÚJO MELO",5650,1998,35.3628318584071
"882","SÃO JOÃO","VALTER LUIS DA COSTA NAGELSTEIN",5650,296,5.23893805309735
"883","SÃO SEBASTIÃO","FERNANDA MELCHIONNA E SILVA",1881,65,3.45560871876661
"884","SÃO SEBASTIÃO","GUSTAVO BOHRER PAIM",1881,17,0.903774587985114
"885","SÃO SEBASTIÃO","JOÃO DERLY DE OLIVEIRA NUNES JUNIOR",1881,40,2.12652844231792
"886","SÃO SEBASTIÃO","JULIANA BRIZOLA",1881,110,5.84795321637427
"887","SÃO SEBASTIÃO","JULIO CESAR LEIRIAS FLORES",1881,2,0.106326422115896
"888","SÃO SEBASTIÃO","LUIZ DELVAIR MARTINS BARROS",1881,2,0.106326422115896
"889","SÃO SEBASTIÃO","MANUELA PINTO VIEIRA D AVILA",1881,356,18.9261031366295
"890","SÃO SEBASTIÃO","MONTSERRAT ANTÔNIO DE VASCONCELLOS MARTINS",1881,4,0.212652844231792
"891","SÃO SEBASTIÃO","NELSON MARCHEZAN JÚNIOR",1881,548,29.1334396597554
"892","SÃO SEBASTIÃO","RODRIGO MARINI MARONI",1881,8,0.425305688463583
"893","SÃO SEBASTIÃO","SEBASTIÃO DE ARAÚJO MELO",1881,645,34.2902711323764
"894","SÃO SEBASTIÃO","VALTER LUIS DA COSTA NAGELSTEIN",1881,84,4.46570972886762
"895","SARANDI","FERNANDA MELCHIONNA E SILVA",24517,823,3.35685442754007
"896","SARANDI","GUSTAVO BOHRER PAIM",24517,290,1.18285271444304
"897","SARANDI","JOÃO DERLY DE OLIVEIRA NUNES JUNIOR",24517,878,3.58118856303789
"898","SARANDI","JULIANA BRIZOLA",24517,1729,7.05224945955867
"899","SARANDI","JULIO CESAR LEIRIAS FLORES",24517,23,0.0938124566627238
"900","SARANDI","LUIZ DELVAIR MARTINS BARROS",24517,14,0.0571032344903536
"901","SARANDI","MANUELA PINTO VIEIRA D AVILA",24517,5359,21.8583024024147
"902","SARANDI","MONTSERRAT ANTÔNIO DE VASCONCELLOS MARTINS",24517,34,0.138679283762287
"903","SARANDI","NELSON MARCHEZAN JÚNIOR",24517,5636,22.9881306848309
"904","SARANDI","RODRIGO MARINI MARONI",24517,124,0.505771505485989
"905","SARANDI","SEBASTIÃO DE ARAÚJO MELO",24517,8863,36.1504262348574
"906","SARANDI","VALTER LUIS DA COSTA NAGELSTEIN",24517,744,3.03462903291594
"907","SERRARIA","FERNANDA MELCHIONNA E SILVA",1511,22,1.4559894109861
"908","SERRARIA","GUSTAVO BOHRER PAIM",1511,17,1.12508272667108
"909","SERRARIA","JOÃO DERLY DE OLIVEIRA NUNES JUNIOR",1511,47,3.11052283256122
"910","SERRARIA","JULIANA BRIZOLA",1511,64,4.2356055592323
"911","SERRARIA","JULIO CESAR LEIRIAS FLORES",1511,2,0.132362673726009
"912","SERRARIA","MANUELA PINTO VIEIRA D AVILA",1511,263,17.4056915949702
"913","SERRARIA","MONTSERRAT ANTÔNIO DE VASCONCELLOS MARTINS",1511,3,0.198544010589014
"914","SERRARIA","NELSON MARCHEZAN JÚNIOR",1511,243,16.0820648577101
"915","SERRARIA","RODRIGO MARINI MARONI",1511,8,0.529450694904037
"916","SERRARIA","SEBASTIÃO DE ARAÚJO MELO",1511,832,55.0628722700199
"917","SERRARIA","VALTER LUIS DA COSTA NAGELSTEIN",1511,10,0.661813368630046
"918","TERESÓPOLIS","FERNANDA MELCHIONNA E SILVA",10980,497,4.5264116575592
"919","TERESÓPOLIS","GUSTAVO BOHRER PAIM",10980,144,1.31147540983607
"920","TERESÓPOLIS","JOÃO DERLY DE OLIVEIRA NUNES JUNIOR",10980,345,3.14207650273224
"921","TERESÓPOLIS","JULIANA BRIZOLA",10980,698,6.35701275045537
"922","TERESÓPOLIS","JULIO CESAR LEIRIAS FLORES",10980,22,0.200364298724954
"923","TERESÓPOLIS","MANUELA PINTO VIEIRA D AVILA",10980,3434,31.2750455373406
"924","TERESÓPOLIS","MONTSERRAT ANTÔNIO DE VASCONCELLOS MARTINS",10980,34,0.309653916211293
"925","TERESÓPOLIS","NELSON MARCHEZAN JÚNIOR",10980,2077,18.9162112932605
"926","TERESÓPOLIS","RODRIGO MARINI MARONI",10980,46,0.418943533697632
"927","TERESÓPOLIS","SEBASTIÃO DE ARAÚJO MELO",10980,3313,30.1730418943534
"928","TERESÓPOLIS","VALTER LUIS DA COSTA NAGELSTEIN",10980,370,3.36976320582878
"929","TRÊS FIGUEIRAS","FERNANDA MELCHIONNA E SILVA",7561,237,3.13450601772252
"930","TRÊS FIGUEIRAS","GUSTAVO BOHRER PAIM",7561,166,2.19547678878455
"931","TRÊS FIGUEIRAS","JOÃO DERLY DE OLIVEIRA NUNES JUNIOR",7561,70,0.925803465150112
"932","TRÊS FIGUEIRAS","JULIANA BRIZOLA",7561,339,4.48353392408412
"933","TRÊS FIGUEIRAS","JULIO CESAR LEIRIAS FLORES",7561,4,0.052903055151435
"934","TRÊS FIGUEIRAS","LUIZ DELVAIR MARTINS BARROS",7561,2,0.0264515275757175
"935","TRÊS FIGUEIRAS","MANUELA PINTO VIEIRA D AVILA",7561,1356,17.9341356963365
"936","TRÊS FIGUEIRAS","MONTSERRAT ANTÔNIO DE VASCONCELLOS MARTINS",7561,28,0.370321386060045
"937","TRÊS FIGUEIRAS","NELSON MARCHEZAN JÚNIOR",7561,1899,25.1157254331438
"938","TRÊS FIGUEIRAS","RODRIGO MARINI MARONI",7561,22,0.290966803332892
"939","TRÊS FIGUEIRAS","SEBASTIÃO DE ARAÚJO MELO",7561,2981,39.4260018516069
"940","TRÊS FIGUEIRAS","VALTER LUIS DA COSTA NAGELSTEIN",7561,457,6.04417405105145
"941","TRISTEZA","FERNANDA MELCHIONNA E SILVA",14410,617,4.28174878556558
"942","TRISTEZA","GUSTAVO BOHRER PAIM",14410,221,1.53365718251214
"943","TRISTEZA","JOÃO DERLY DE OLIVEIRA NUNES JUNIOR",14410,281,1.9500346981263
"944","TRISTEZA","JULIANA BRIZOLA",14410,928,6.43997224149896
"945","TRISTEZA","JULIO CESAR LEIRIAS FLORES",14410,12,0.0832755031228314
"946","TRISTEZA","LUIZ DELVAIR MARTINS BARROS",14410,2,0.0138792505204719
"947","TRISTEZA","MANUELA PINTO VIEIRA D AVILA",14410,3954,27.4392782789729
"948","TRISTEZA","MONTSERRAT ANTÔNIO DE VASCONCELLOS MARTINS",14410,36,0.249826509368494
"949","TRISTEZA","NELSON MARCHEZAN JÚNIOR",14410,3250,22.5537820957668
"950","TRISTEZA","RODRIGO MARINI MARONI",14410,55,0.381679389312977
"951","TRISTEZA","SEBASTIÃO DE ARAÚJO MELO",14410,4553,31.5961138098543
"952","TRISTEZA","VALTER LUIS DA COSTA NAGELSTEIN",14410,501,3.47675225537821
"953","VILA ASSUNÇÃO","FERNANDA MELCHIONNA E SILVA",2547,95,3.72987828818218
"954","VILA ASSUNÇÃO","GUSTAVO BOHRER PAIM",2547,32,1.25638005496663
"955","VILA ASSUNÇÃO","JOÃO DERLY DE OLIVEIRA NUNES JUNIOR",2547,30,1.17785630153121
"956","VILA ASSUNÇÃO","JULIANA BRIZOLA",2547,144,5.65371024734982
"957","VILA ASSUNÇÃO","JULIO CESAR LEIRIAS FLORES",2547,4,0.157047506870828
"958","VILA ASSUNÇÃO","LUIZ DELVAIR MARTINS BARROS",2547,3,0.117785630153121
"959","VILA ASSUNÇÃO","MANUELA PINTO VIEIRA D AVILA",2547,613,24.0675304279545
"960","VILA ASSUNÇÃO","MONTSERRAT ANTÔNIO DE VASCONCELLOS MARTINS",2547,3,0.117785630153121
"961","VILA ASSUNÇÃO","NELSON MARCHEZAN JÚNIOR",2547,649,25.4809579897919
"962","VILA ASSUNÇÃO","RODRIGO MARINI MARONI",2547,9,0.353356890459364
"963","VILA ASSUNÇÃO","SEBASTIÃO DE ARAÚJO MELO",2547,879,34.5111896348645
"964","VILA ASSUNÇÃO","VALTER LUIS DA COSTA NAGELSTEIN",2547,86,3.37652139772281
"965","VILA IPIRANGA","FERNANDA MELCHIONNA E SILVA",12421,496,3.99323725947991
"966","VILA IPIRANGA","GUSTAVO BOHRER PAIM",12421,151,1.21568311730134
"967","VILA IPIRANGA","JOÃO DERLY DE OLIVEIRA NUNES JUNIOR",12421,270,2.17373802431366
"968","VILA IPIRANGA","JULIANA BRIZOLA",12421,799,6.43265437565413
"969","VILA IPIRANGA","JULIO CESAR LEIRIAS FLORES",12421,10,0.0805088157153208
"970","VILA IPIRANGA","LUIZ DELVAIR MARTINS BARROS",12421,4,0.0322035262861283
"971","VILA IPIRANGA","MANUELA PINTO VIEIRA D AVILA",12421,2895,23.3073021495854
"972","VILA IPIRANGA","MONTSERRAT ANTÔNIO DE VASCONCELLOS MARTINS",12421,18,0.144915868287577
"973","VILA IPIRANGA","NELSON MARCHEZAN JÚNIOR",12421,3189,25.6742613316158
"974","VILA IPIRANGA","RODRIGO MARINI MARONI",12421,67,0.53940906529265
"975","VILA IPIRANGA","SEBASTIÃO DE ARAÚJO MELO",12421,3929,31.6319136945496
"976","VILA IPIRANGA","VALTER LUIS DA COSTA NAGELSTEIN",12421,593,4.77417277191852
"977","VILA JARDIM","FERNANDA MELCHIONNA E SILVA",2940,109,3.70748299319728
"978","VILA JARDIM","GUSTAVO BOHRER PAIM",2940,40,1.36054421768707
"979","VILA JARDIM","JOÃO DERLY DE OLIVEIRA NUNES JUNIOR",2940,120,4.08163265306122
"980","VILA JARDIM","JULIANA BRIZOLA",2940,233,7.92517006802721
"981","VILA JARDIM","JULIO CESAR LEIRIAS FLORES",2940,2,0.0680272108843537
"982","VILA JARDIM","MANUELA PINTO VIEIRA D AVILA",2940,869,29.5578231292517
"983","VILA JARDIM","MONTSERRAT ANTÔNIO DE VASCONCELLOS MARTINS",2940,4,0.136054421768707
"984","VILA JARDIM","NELSON MARCHEZAN JÚNIOR",2940,566,19.2517006802721
"985","VILA JARDIM","RODRIGO MARINI MARONI",2940,23,0.782312925170068
"986","VILA JARDIM","SEBASTIÃO DE ARAÚJO MELO",2940,892,30.3401360544218
"987","VILA JARDIM","VALTER LUIS DA COSTA NAGELSTEIN",2940,82,2.7891156462585
"988","VILA JOÃO PESSOA","FERNANDA MELCHIONNA E SILVA",5013,187,3.73030121683623
"989","VILA JOÃO PESSOA","GUSTAVO BOHRER PAIM",5013,76,1.51605824855376
"990","VILA JOÃO PESSOA","JOÃO DERLY DE OLIVEIRA NUNES JUNIOR",5013,222,4.42848593656493
"991","VILA JOÃO PESSOA","JULIANA BRIZOLA",5013,327,6.52304009575105
"992","VILA JOÃO PESSOA","JULIO CESAR LEIRIAS FLORES",5013,3,0.0598444045481747
"993","VILA JOÃO PESSOA","MANUELA PINTO VIEIRA D AVILA",5013,1562,31.1589866347497
"994","VILA JOÃO PESSOA","MONTSERRAT ANTÔNIO DE VASCONCELLOS MARTINS",5013,9,0.179533213644524
"995","VILA JOÃO PESSOA","NELSON MARCHEZAN JÚNIOR",5013,997,19.8882904448434
"996","VILA JOÃO PESSOA","RODRIGO MARINI MARONI",5013,37,0.738080989427489
"997","VILA JOÃO PESSOA","SEBASTIÃO DE ARAÚJO MELO",5013,1462,29.1641731498105
"998","VILA JOÃO PESSOA","VALTER LUIS DA COSTA NAGELSTEIN",5013,131,2.6132056652703
"999","VILA NOVA","FERNANDA MELCHIONNA E SILVA",11487,502,4.37015756942631
"1000","VILA NOVA","GUSTAVO BOHRER PAIM",11487,138,1.20135805693393
"1001","VILA NOVA","JOÃO DERLY DE OLIVEIRA NUNES JUNIOR",11487,383,3.33420388264995
"1002","VILA NOVA","JULIANA BRIZOLA",11487,790,6.87733960128841
"1003","VILA NOVA","JULIO CESAR LEIRIAS FLORES",11487,15,0.130582397492818
"1004","VILA NOVA","LUIZ DELVAIR MARTINS BARROS",11487,1,0.00870549316618786
"1005","VILA NOVA","MANUELA PINTO VIEIRA D AVILA",11487,3108,27.0566727605119
"1006","VILA NOVA","MONTSERRAT ANTÔNIO DE VASCONCELLOS MARTINS",11487,13,0.113171411160442
"1007","VILA NOVA","NELSON MARCHEZAN JÚNIOR",11487,2060,17.933315922347
"1008","VILA NOVA","RODRIGO MARINI MARONI",11487,62,0.539740576303648
"1009","VILA NOVA","SEBASTIÃO DE ARAÚJO MELO",11487,4169,36.2932010098372
"1010","VILA NOVA","VALTER LUIS DA COSTA NAGELSTEIN",11487,246,2.14155131888221
"1011","VILA SÃO JOSÉ","FERNANDA MELCHIONNA E SILVA",11189,435,3.88774689427116
"1012","VILA SÃO JOSÉ","GUSTAVO BOHRER PAIM",11189,103,0.920546965769953
"1013","VILA SÃO JOSÉ","JOÃO DERLY DE OLIVEIRA NUNES JUNIOR",11189,608,5.43390830279739
"1014","VILA SÃO JOSÉ","JULIANA BRIZOLA",11189,772,6.89963356868353
"1015","VILA SÃO JOSÉ","JULIO CESAR LEIRIAS FLORES",11189,21,0.187684332826884
"1016","VILA SÃO JOSÉ","LUIZ DELVAIR MARTINS BARROS",11189,2,0.0178746983644651
"1017","VILA SÃO JOSÉ","MANUELA PINTO VIEIRA D AVILA",11189,3731,33.3452497989096
"1018","VILA SÃO JOSÉ","MONTSERRAT ANTÔNIO DE VASCONCELLOS MARTINS",11189,20,0.178746983644651
"1019","VILA SÃO JOSÉ","NELSON MARCHEZAN JÚNIOR",11189,2009,17.9551345071052
"1020","VILA SÃO JOSÉ","RODRIGO MARINI MARONI",11189,87,0.777549378854232
"1021","VILA SÃO JOSÉ","SEBASTIÃO DE ARAÚJO MELO",11189,3184,28.4565197962284
"1022","VILA SÃO JOSÉ","VALTER LUIS DA COSTA NAGELSTEIN",11189,217,1.93940477254446
